-- phpMyAdmin SQL Dump
-- version 4.9.2
-- https://www.phpmyadmin.net/
--
-- Host: localhost:3306
-- Generation Time: Feb 26, 2020 at 04:18 PM
-- Server version: 10.4.11-MariaDB
-- PHP Version: 7.4.1

SET SQL_MODE = "NO_AUTO_VALUE_ON_ZERO";
SET AUTOCOMMIT = 0;
START TRANSACTION;
SET time_zone = "+00:00";


/*!40101 SET @OLD_CHARACTER_SET_CLIENT=@@CHARACTER_SET_CLIENT */;
/*!40101 SET @OLD_CHARACTER_SET_RESULTS=@@CHARACTER_SET_RESULTS */;
/*!40101 SET @OLD_COLLATION_CONNECTION=@@COLLATION_CONNECTION */;
/*!40101 SET NAMES utf8mb4 */;

--
-- Database: `forum`
--

-- --------------------------------------------------------

--
-- Table structure for table `categories`
--

CREATE TABLE `categories` (
  `id` int(11) NOT NULL,
  `name` varchar(255) NOT NULL
) ENGINE=InnoDB DEFAULT CHARSET=utf8;

--
-- Dumping data for table `categories`
--

INSERT INTO `categories` (`id`, `name`) VALUES
(1, 'Asking for help'),
(2, 'Sharing resources'),
(3, 'Original content'),
(4, 'Code review'),
(5, 'Collaboration');

-- --------------------------------------------------------

--
-- Table structure for table `messages`
--

CREATE TABLE `messages` (
  `id` int(11) NOT NULL,
  `title` varchar(255) NOT NULL,
  `body` varchar(1024) NOT NULL,
  `author` int(11) NOT NULL,
  `recipient` int(11) NOT NULL,
  `creation_date` datetime NOT NULL DEFAULT current_timestamp()
) ENGINE=InnoDB DEFAULT CHARSET=utf8;

-- --------------------------------------------------------

--
-- Table structure for table `posts`
--

CREATE TABLE `posts` (
  `id` int(11) NOT NULL,
  `title` varchar(255) NOT NULL,
  `body` varchar(1024) NOT NULL,
  `has_img` tinyint(1) NOT NULL DEFAULT 0,
  `views` int(11) NOT NULL,
  `category` int(11) NOT NULL,
  `author` int(11) NOT NULL,
  `replying_to` int(11) DEFAULT NULL,
  `creation_date` datetime NOT NULL DEFAULT current_timestamp()
) ENGINE=InnoDB DEFAULT CHARSET=utf8;

--
-- Dumping data for table `posts`
--

INSERT INTO `posts` (`id`, `title`, `body`, `has_img`, `views`, `category`, `author`, `replying_to`, `creation_date`) VALUES
(1, 'in purus eu magna', 'Ut tellus. Nulla ut erat id mauris vulputate elementum. Nullam varius. Nulla facilisi. Cras non velit nec nisi vulputate nonummy. Maecenas tincidunt lacus at velit. Vivamus vel nulla eget eros elementum pellentesque. Quisque porta volutpat erat.', 0, 201, 4, 74, 87, '2019-09-08 11:53:56'),
(2, 'dis parturient', 'Maecenas tristique, est et tempus semper, est quam pharetra magna, ac consequat metus sapien ut nunc. Vestibulum ante ipsum primis in faucibus orci luctus et ultrices posuere cubilia Curae; Mauris viverra diam vitae quam. Suspendisse potenti.', 0, 288, 2, 36, 774, '2019-12-13 16:01:34'),
(3, 'ac enim', 'Nullam molestie nibh in lectus. Pellentesque at nulla. Suspendisse potenti. Cras in purus eu magna vulputate luctus. Cum sociis natoque penatibus et magnis dis parturient montes, nascetur ridiculus mus. Vivamus vestibulum sagittis sapien. Cum sociis natoque penatibus et magnis dis parturient montes, nascetur ridiculus mus. Etiam vel augue.', 0, 200, 2, 26, 91, '2019-07-15 21:44:05'),
(4, 'cursus urna ut tellus nulla', 'Morbi sem mauris, laoreet ut, rhoncus aliquet, pulvinar sed, nisl. Nunc rhoncus dui vel sem. Sed sagittis. Nam congue, risus semper porta volutpat, quam pede lobortis ligula, sit amet eleifend pede libero quis orci.', 0, 274, 1, 77, 969, '2019-08-17 05:20:21'),
(5, 'faucibus cursus urna', 'Nam nulla. Integer pede justo, lacinia eget, tincidunt eget, tempus vel, pede. Morbi porttitor lorem id ligula. Suspendisse ornare consequat lectus. In est risus, auctor sed, tristique in, tempus sit amet, sem. Fusce consequat. Nulla nisl.', 1, 396, 4, 76, NULL, '2019-10-25 17:59:53'),
(6, 'in est risus auctor sed tristique in tempus', 'Vivamus vestibulum sagittis sapien. Cum sociis natoque penatibus et magnis dis parturient montes, nascetur ridiculus mus. Etiam vel augue.', 1, 528, 4, 43, NULL, '2019-10-12 14:21:48'),
(7, 'auctor sed tristique in', 'Morbi vestibulum, velit id pretium iaculis, diam erat fermentum justo, nec condimentum neque sapien placerat ante. Nulla justo. Aliquam quis turpis eget elit sodales scelerisque. Mauris sit amet eros. Suspendisse accumsan tortor quis turpis.', 0, 298, 1, 99, 365, '2019-12-11 08:39:37'),
(8, 'nulla integer pede justo', 'Aenean auctor gravida sem. Praesent id massa id nisl venenatis lacinia. Aenean sit amet justo. Morbi ut odio. Cras mi pede, malesuada in, imperdiet et, commodo vulputate, justo. In blandit ultrices enim.', 0, 165, 4, 35, 754, '2020-02-21 11:46:50'),
(9, 'rhoncus aliquam lacus morbi quis tortor', 'Mauris sit amet eros. Suspendisse accumsan tortor quis turpis. Sed ante.', 1, 567, 3, 1, NULL, '2019-06-22 09:56:43'),
(10, 'odio donec vitae', 'Morbi sem mauris, laoreet ut, rhoncus aliquet, pulvinar sed, nisl. Nunc rhoncus dui vel sem. Sed sagittis. Nam congue, risus semper porta volutpat, quam pede lobortis ligula, sit amet eleifend pede libero quis orci. Nullam molestie nibh in lectus.', 0, 567, 2, 37, 170, '2019-03-04 00:58:27'),
(11, 'orci luctus et ultrices posuere', 'Curabitur in libero ut massa volutpat convallis. Morbi odio odio, elementum eu, interdum eu, tincidunt in, leo. Maecenas pulvinar lobortis est. Phasellus sit amet erat. Nulla tempus. Vivamus in felis eu sapien cursus vestibulum. Proin eu mi.', 0, 188, 2, 62, NULL, '2019-09-17 12:35:44'),
(12, 'at nunc commodo placerat praesent blandit', 'Proin risus. Praesent lectus. Vestibulum quam sapien, varius ut, blandit non, interdum in, ante. Vestibulum ante ipsum primis in faucibus orci luctus et ultrices posuere cubilia Curae; Duis faucibus accumsan odio. Curabitur convallis.', 0, 474, 2, 76, 456, '2019-09-29 16:11:44'),
(13, 'gravida sem', 'Vestibulum ante ipsum primis in faucibus orci luctus et ultrices posuere cubilia Curae; Nulla dapibus dolor vel est. Donec odio justo, sollicitudin ut, suscipit a, feugiat et, eros. Vestibulum ac est lacinia nisi venenatis tristique. Fusce congue, diam id ornare imperdiet, sapien urna pretium nisl, ut volutpat sapien arcu sed augue. Aliquam erat volutpat.', 0, 358, 3, 45, 52, '2020-01-24 01:07:45'),
(14, 'sed nisl nunc rhoncus', 'In congue. Etiam justo.', 0, 164, 3, 91, 641, '2020-02-19 12:19:04'),
(15, 'mauris vulputate elementum nullam varius nulla facilisi cras', 'Phasellus id sapien in sapien iaculis congue. Vivamus metus arcu, adipiscing molestie, hendrerit at, vulputate vitae, nisl. Aenean lectus. Pellentesque eget nunc. Donec quis orci eget orci vehicula condimentum. Curabitur in libero ut massa volutpat convallis. Morbi odio odio, elementum eu, interdum eu, tincidunt in, leo. Maecenas pulvinar lobortis est.', 0, 594, 3, 20, NULL, '2019-04-24 09:49:45'),
(16, 'consequat dui nec nisi', 'Nunc purus. Phasellus in felis. Donec semper sapien a libero. Nam dui. Proin leo odio, porttitor id, consequat in, consequat ut, nulla. Sed accumsan felis. Ut at dolor quis odio consequat varius.', 0, 467, 3, 100, 630, '2019-08-12 17:20:41'),
(17, 'proin risus praesent lectus vestibulum quam sapien', 'In hac habitasse platea dictumst. Maecenas ut massa quis augue luctus tincidunt. Nulla mollis molestie lorem.', 0, 393, 2, 19, 879, '2020-01-11 10:05:51'),
(18, 'est donec odio justo sollicitudin ut suscipit a', 'Integer non velit. Donec diam neque, vestibulum eget, vulputate ut, ultrices vel, augue.', 0, 153, 5, 23, NULL, '2019-03-07 12:36:29'),
(19, 'id turpis integer', 'Nullam porttitor lacus at turpis. Donec posuere metus vitae ipsum.', 0, 404, 1, 65, NULL, '2020-01-23 20:34:22'),
(20, 'arcu libero', 'Etiam faucibus cursus urna. Ut tellus. Nulla ut erat id mauris vulputate elementum. Nullam varius.', 0, 425, 4, 29, 513, '2020-02-02 13:27:27'),
(21, 'donec quis orci eget', 'Suspendisse potenti. Nullam porttitor lacus at turpis. Donec posuere metus vitae ipsum. Aliquam non mauris. Morbi non lectus. Aliquam sit amet diam in magna bibendum imperdiet. Nullam orci pede, venenatis non, sodales sed, tincidunt eu, felis. Fusce posuere felis sed lacus.', 0, 570, 4, 12, 38, '2019-09-18 21:12:55'),
(22, 'non pretium quis lectus suspendisse potenti in', 'Mauris enim leo, rhoncus sed, vestibulum sit amet, cursus id, turpis. Integer aliquet, massa id lobortis convallis, tortor risus dapibus augue, vel accumsan tellus nisi eu orci. Mauris lacinia sapien quis libero. Nullam sit amet turpis elementum ligula vehicula consequat. Morbi a ipsum.', 1, 506, 5, 21, NULL, '2020-02-21 03:51:56'),
(23, 'mauris enim leo rhoncus sed vestibulum sit amet', 'Fusce lacus purus, aliquet at, feugiat non, pretium quis, lectus. Suspendisse potenti. In eleifend quam a odio.', 0, 514, 2, 74, NULL, '2020-01-18 15:37:38'),
(24, 'lacinia aenean', 'Proin eu mi. Nulla ac enim. In tempor, turpis nec euismod scelerisque, quam turpis adipiscing lorem, vitae mattis nibh ligula nec sem. Duis aliquam convallis nunc. Proin at turpis a pede posuere nonummy. Integer non velit. Donec diam neque, vestibulum eget, vulputate ut, ultrices vel, augue.', 0, 518, 1, 35, 430, '2019-10-18 11:01:46'),
(25, 'enim lorem ipsum', 'Integer a nibh. In quis justo. Maecenas rhoncus aliquam lacus. Morbi quis tortor id nulla ultrices aliquet. Maecenas leo odio, condimentum id, luctus nec, molestie sed, justo. Pellentesque viverra pede ac diam. Cras pellentesque volutpat dui. Maecenas tristique, est et tempus semper, est quam pharetra magna, ac consequat metus sapien ut nunc.', 0, 316, 3, 37, NULL, '2019-08-17 07:20:44'),
(26, 'suspendisse accumsan tortor quis turpis sed', 'Donec semper sapien a libero. Nam dui. Proin leo odio, porttitor id, consequat in, consequat ut, nulla.', 0, 215, 5, 3, 720, '2019-03-05 04:20:55'),
(27, 'vulputate vitae nisl aenean lectus', 'Fusce lacus purus, aliquet at, feugiat non, pretium quis, lectus. Suspendisse potenti. In eleifend quam a odio. In hac habitasse platea dictumst. Maecenas ut massa quis augue luctus tincidunt. Nulla mollis molestie lorem.', 0, 383, 1, 100, 134, '2020-01-03 17:57:12'),
(28, 'volutpat convallis morbi', 'Morbi odio odio, elementum eu, interdum eu, tincidunt in, leo. Maecenas pulvinar lobortis est. Phasellus sit amet erat. Nulla tempus. Vivamus in felis eu sapien cursus vestibulum. Proin eu mi.', 1, 547, 2, 79, NULL, '2019-10-18 08:37:26'),
(29, 'justo aliquam quis turpis', 'In hac habitasse platea dictumst. Maecenas ut massa quis augue luctus tincidunt. Nulla mollis molestie lorem. Quisque ut erat.', 0, 238, 4, 70, NULL, '2019-03-21 20:25:52'),
(30, 'adipiscing lorem vitae mattis nibh ligula nec', 'Duis mattis egestas metus. Aenean fermentum. Donec ut mauris eget massa tempor convallis. Nulla neque libero, convallis eget, eleifend luctus, ultricies eu, nibh.', 1, 331, 5, 72, NULL, '2019-05-23 03:53:30'),
(31, 'curabitur at ipsum ac tellus semper', 'Maecenas pulvinar lobortis est. Phasellus sit amet erat. Nulla tempus.', 1, 144, 5, 75, NULL, '2019-09-15 05:48:20'),
(32, 'nisi venenatis tristique fusce congue diam id ornare', 'Quisque erat eros, viverra eget, congue eget, semper rutrum, nulla. Nunc purus. Phasellus in felis. Donec semper sapien a libero. Nam dui. Proin leo odio, porttitor id, consequat in, consequat ut, nulla. Sed accumsan felis.', 0, 406, 5, 20, 397, '2019-04-04 01:52:19'),
(33, 'praesent id massa id', 'Integer pede justo, lacinia eget, tincidunt eget, tempus vel, pede. Morbi porttitor lorem id ligula. Suspendisse ornare consequat lectus. In est risus, auctor sed, tristique in, tempus sit amet, sem.', 0, 208, 4, 64, NULL, '2019-11-25 15:50:17'),
(34, 'non pretium quis lectus', 'Vestibulum quam sapien, varius ut, blandit non, interdum in, ante. Vestibulum ante ipsum primis in faucibus orci luctus et ultrices posuere cubilia Curae; Duis faucibus accumsan odio. Curabitur convallis.', 1, 208, 4, 40, NULL, '2019-04-27 11:29:16'),
(35, 'porttitor pede justo', 'Proin leo odio, porttitor id, consequat in, consequat ut, nulla. Sed accumsan felis. Ut at dolor quis odio consequat varius.', 0, 196, 4, 35, NULL, '2019-06-07 05:57:24'),
(36, 'sit amet diam', 'Vestibulum ante ipsum primis in faucibus orci luctus et ultrices posuere cubilia Curae; Nulla dapibus dolor vel est. Donec odio justo, sollicitudin ut, suscipit a, feugiat et, eros. Vestibulum ac est lacinia nisi venenatis tristique. Fusce congue, diam id ornare imperdiet, sapien urna pretium nisl, ut volutpat sapien arcu sed augue. Aliquam erat volutpat.', 1, 176, 2, 17, NULL, '2020-02-07 18:24:54'),
(37, 'felis sed interdum venenatis', 'In hac habitasse platea dictumst. Morbi vestibulum, velit id pretium iaculis, diam erat fermentum justo, nec condimentum neque sapien placerat ante. Nulla justo. Aliquam quis turpis eget elit sodales scelerisque. Mauris sit amet eros.', 0, 597, 4, 28, 129, '2019-11-06 05:25:29'),
(38, 'in sapien', 'Quisque id justo sit amet sapien dignissim vestibulum. Vestibulum ante ipsum primis in faucibus orci luctus et ultrices posuere cubilia Curae; Nulla dapibus dolor vel est.', 0, 381, 1, 6, 176, '2019-10-17 03:16:07'),
(39, 'ultrices vel augue vestibulum ante ipsum', 'Vivamus metus arcu, adipiscing molestie, hendrerit at, vulputate vitae, nisl. Aenean lectus. Pellentesque eget nunc. Donec quis orci eget orci vehicula condimentum. Curabitur in libero ut massa volutpat convallis.', 0, 510, 2, 31, 550, '2020-01-25 13:52:10'),
(40, 'semper porta', 'Aliquam augue quam, sollicitudin vitae, consectetuer eget, rutrum at, lorem. Integer tincidunt ante vel ipsum. Praesent blandit lacinia erat. Vestibulum sed magna at nunc commodo placerat. Praesent blandit. Nam nulla.', 0, 428, 4, 18, NULL, '2019-10-12 00:05:17'),
(41, 'volutpat erat quisque erat eros viverra', 'Morbi ut odio. Cras mi pede, malesuada in, imperdiet et, commodo vulputate, justo. In blandit ultrices enim. Lorem ipsum dolor sit amet, consectetuer adipiscing elit. Proin interdum mauris non ligula pellentesque ultrices. Phasellus id sapien in sapien iaculis congue.', 0, 562, 3, 68, 798, '2019-08-14 04:43:31'),
(42, 'amet diam in', 'Duis bibendum, felis sed interdum venenatis, turpis enim blandit mi, in porttitor pede justo eu massa. Donec dapibus. Duis at velit eu est congue elementum. In hac habitasse platea dictumst. Morbi vestibulum, velit id pretium iaculis, diam erat fermentum justo, nec condimentum neque sapien placerat ante.', 0, 512, 3, 17, NULL, '2019-03-19 00:43:12'),
(43, 'ut massa volutpat convallis morbi odio', 'Aliquam erat volutpat. In congue. Etiam justo. Etiam pretium iaculis justo. In hac habitasse platea dictumst.', 0, 327, 5, 37, 20, '2019-08-29 05:30:37'),
(44, 'non velit donec diam neque vestibulum eget vulputate', 'Morbi porttitor lorem id ligula. Suspendisse ornare consequat lectus.', 0, 168, 5, 9, 835, '2019-06-22 21:01:23'),
(45, 'a ipsum integer', 'Nam ultrices, libero non mattis pulvinar, nulla pede ullamcorper augue, a suscipit nulla elit ac nulla. Sed vel enim sit amet nunc viverra dapibus.', 0, 108, 2, 86, NULL, '2019-12-18 02:58:41'),
(46, 'tempor turpis nec euismod scelerisque quam', 'Cras non velit nec nisi vulputate nonummy. Maecenas tincidunt lacus at velit. Vivamus vel nulla eget eros elementum pellentesque.', 0, 499, 2, 50, 823, '2019-11-25 16:05:42'),
(47, 'nisi at nibh in', 'Proin eu mi. Nulla ac enim. In tempor, turpis nec euismod scelerisque, quam turpis adipiscing lorem, vitae mattis nibh ligula nec sem. Duis aliquam convallis nunc.', 0, 240, 1, 71, 128, '2019-07-20 03:09:40'),
(48, 'ligula pellentesque ultrices phasellus', 'Fusce congue, diam id ornare imperdiet, sapien urna pretium nisl, ut volutpat sapien arcu sed augue. Aliquam erat volutpat. In congue. Etiam justo. Etiam pretium iaculis justo. In hac habitasse platea dictumst.', 0, 251, 3, 1, 973, '2019-07-16 02:54:06'),
(49, 'velit donec diam neque vestibulum eget vulputate ut', 'Maecenas ut massa quis augue luctus tincidunt. Nulla mollis molestie lorem. Quisque ut erat. Curabitur gravida nisi at nibh. In hac habitasse platea dictumst. Aliquam augue quam, sollicitudin vitae, consectetuer eget, rutrum at, lorem. Integer tincidunt ante vel ipsum.', 0, 398, 3, 8, 779, '2019-04-13 22:29:10'),
(50, 'hac habitasse', 'Integer a nibh. In quis justo. Maecenas rhoncus aliquam lacus. Morbi quis tortor id nulla ultrices aliquet. Maecenas leo odio, condimentum id, luctus nec, molestie sed, justo. Pellentesque viverra pede ac diam.', 0, 418, 1, 84, 248, '2019-04-03 00:06:35'),
(51, 'habitasse platea dictumst maecenas ut massa quis', 'Nam dui. Proin leo odio, porttitor id, consequat in, consequat ut, nulla. Sed accumsan felis. Ut at dolor quis odio consequat varius. Integer ac leo. Pellentesque ultrices mattis odio. Donec vitae nisi.', 0, 146, 2, 89, 717, '2019-04-21 01:55:51'),
(52, 'varius integer ac leo pellentesque ultrices', 'Fusce consequat. Nulla nisl. Nunc nisl. Duis bibendum, felis sed interdum venenatis, turpis enim blandit mi, in porttitor pede justo eu massa. Donec dapibus. Duis at velit eu est congue elementum. In hac habitasse platea dictumst.', 0, 269, 1, 70, 354, '2019-07-10 14:35:18'),
(53, 'in faucibus orci luctus et ultrices posuere', 'Donec semper sapien a libero. Nam dui. Proin leo odio, porttitor id, consequat in, consequat ut, nulla. Sed accumsan felis. Ut at dolor quis odio consequat varius. Integer ac leo. Pellentesque ultrices mattis odio.', 0, 175, 3, 48, 478, '2019-08-17 09:18:07'),
(54, 'lectus suspendisse potenti', 'Fusce congue, diam id ornare imperdiet, sapien urna pretium nisl, ut volutpat sapien arcu sed augue. Aliquam erat volutpat. In congue. Etiam justo.', 1, 219, 3, 48, NULL, '2019-10-18 11:57:29'),
(55, 'vestibulum sed', 'Maecenas pulvinar lobortis est. Phasellus sit amet erat. Nulla tempus. Vivamus in felis eu sapien cursus vestibulum.', 0, 350, 5, 79, 964, '2019-06-04 21:42:12'),
(56, 'cubilia curae', 'Duis at velit eu est congue elementum. In hac habitasse platea dictumst.', 0, 269, 3, 28, 180, '2019-07-04 00:55:13'),
(57, 'consequat ut', 'Aliquam erat volutpat. In congue. Etiam justo. Etiam pretium iaculis justo. In hac habitasse platea dictumst. Etiam faucibus cursus urna. Ut tellus. Nulla ut erat id mauris vulputate elementum.', 0, 592, 4, 95, NULL, '2019-09-12 01:30:47'),
(58, 'nulla elit ac nulla', 'Lorem ipsum dolor sit amet, consectetuer adipiscing elit. Proin interdum mauris non ligula pellentesque ultrices.', 0, 155, 4, 4, 165, '2019-11-14 14:41:38'),
(59, 'ligula suspendisse ornare consequat lectus in', 'Pellentesque ultrices mattis odio. Donec vitae nisi. Nam ultrices, libero non mattis pulvinar, nulla pede ullamcorper augue, a suscipit nulla elit ac nulla. Sed vel enim sit amet nunc viverra dapibus. Nulla suscipit ligula in lacus. Curabitur at ipsum ac tellus semper interdum. Mauris ullamcorper purus sit amet nulla.', 0, 348, 3, 58, NULL, '2019-12-09 09:35:24'),
(60, 'neque vestibulum eget vulputate ut ultrices', 'Proin risus. Praesent lectus. Vestibulum quam sapien, varius ut, blandit non, interdum in, ante. Vestibulum ante ipsum primis in faucibus orci luctus et ultrices posuere cubilia Curae; Duis faucibus accumsan odio. Curabitur convallis. Duis consequat dui nec nisi volutpat eleifend. Donec ut dolor.', 0, 506, 3, 94, 697, '2020-02-11 19:36:10'),
(61, 'congue etiam justo etiam pretium', 'Vivamus vel nulla eget eros elementum pellentesque. Quisque porta volutpat erat. Quisque erat eros, viverra eget, congue eget, semper rutrum, nulla. Nunc purus. Phasellus in felis. Donec semper sapien a libero.', 0, 264, 4, 33, 745, '2019-10-20 12:32:10'),
(62, 'eu nibh quisque id justo sit', 'Duis consequat dui nec nisi volutpat eleifend. Donec ut dolor. Morbi vel lectus in quam fringilla rhoncus.', 0, 264, 3, 82, 528, '2019-06-01 14:06:48'),
(63, 'vestibulum ante', 'In tempor, turpis nec euismod scelerisque, quam turpis adipiscing lorem, vitae mattis nibh ligula nec sem. Duis aliquam convallis nunc. Proin at turpis a pede posuere nonummy. Integer non velit. Donec diam neque, vestibulum eget, vulputate ut, ultrices vel, augue. Vestibulum ante ipsum primis in faucibus orci luctus et ultrices posuere cubilia Curae; Donec pharetra, magna vestibulum aliquet ultrices, erat tortor sollicitudin mi, sit amet lobortis sapien sapien non mi. Integer ac neque. Duis bibendum.', 1, 589, 4, 29, NULL, '2020-01-05 10:17:13'),
(64, 'tempor convallis nulla neque libero convallis eget eleifend', 'Vestibulum ante ipsum primis in faucibus orci luctus et ultrices posuere cubilia Curae; Donec pharetra, magna vestibulum aliquet ultrices, erat tortor sollicitudin mi, sit amet lobortis sapien sapien non mi. Integer ac neque. Duis bibendum. Morbi non quam nec dui luctus rutrum. Nulla tellus.', 0, 294, 5, 53, NULL, '2019-03-03 08:16:39'),
(65, 'ultrices posuere cubilia curae mauris viverra', 'Ut at dolor quis odio consequat varius. Integer ac leo. Pellentesque ultrices mattis odio.', 0, 282, 1, 62, 185, '2020-01-30 04:29:15'),
(66, 'curabitur in libero ut massa', 'Etiam justo. Etiam pretium iaculis justo. In hac habitasse platea dictumst. Etiam faucibus cursus urna. Ut tellus. Nulla ut erat id mauris vulputate elementum. Nullam varius. Nulla facilisi.', 0, 587, 4, 23, 915, '2019-10-17 07:23:06'),
(67, 'adipiscing molestie hendrerit at', 'Maecenas leo odio, condimentum id, luctus nec, molestie sed, justo. Pellentesque viverra pede ac diam. Cras pellentesque volutpat dui. Maecenas tristique, est et tempus semper, est quam pharetra magna, ac consequat metus sapien ut nunc. Vestibulum ante ipsum primis in faucibus orci luctus et ultrices posuere cubilia Curae; Mauris viverra diam vitae quam.', 1, 164, 2, 13, NULL, '2019-09-02 02:49:45'),
(68, 'leo odio porttitor id consequat in consequat ut', 'Quisque id justo sit amet sapien dignissim vestibulum. Vestibulum ante ipsum primis in faucibus orci luctus et ultrices posuere cubilia Curae; Nulla dapibus dolor vel est. Donec odio justo, sollicitudin ut, suscipit a, feugiat et, eros. Vestibulum ac est lacinia nisi venenatis tristique. Fusce congue, diam id ornare imperdiet, sapien urna pretium nisl, ut volutpat sapien arcu sed augue.', 0, 139, 1, 29, 439, '2019-05-03 00:24:44'),
(69, 'in lectus pellentesque at nulla suspendisse potenti cras', 'Curabitur gravida nisi at nibh. In hac habitasse platea dictumst. Aliquam augue quam, sollicitudin vitae, consectetuer eget, rutrum at, lorem. Integer tincidunt ante vel ipsum.', 0, 250, 2, 24, 567, '2019-12-28 05:31:23'),
(70, 'justo lacinia eget tincidunt', 'Nulla ac enim. In tempor, turpis nec euismod scelerisque, quam turpis adipiscing lorem, vitae mattis nibh ligula nec sem. Duis aliquam convallis nunc. Proin at turpis a pede posuere nonummy. Integer non velit. Donec diam neque, vestibulum eget, vulputate ut, ultrices vel, augue. Vestibulum ante ipsum primis in faucibus orci luctus et ultrices posuere cubilia Curae; Donec pharetra, magna vestibulum aliquet ultrices, erat tortor sollicitudin mi, sit amet lobortis sapien sapien non mi. Integer ac neque.', 0, 362, 1, 44, NULL, '2019-08-20 05:24:54'),
(71, 'eros elementum pellentesque quisque porta volutpat', 'In sagittis dui vel nisl. Duis ac nibh. Fusce lacus purus, aliquet at, feugiat non, pretium quis, lectus. Suspendisse potenti. In eleifend quam a odio. In hac habitasse platea dictumst.', 1, 586, 2, 25, NULL, '2019-10-06 01:27:32'),
(72, 'rutrum ac lobortis vel dapibus at diam nam', 'Nulla facilisi. Cras non velit nec nisi vulputate nonummy. Maecenas tincidunt lacus at velit.', 0, 214, 5, 81, 755, '2019-05-20 21:10:39'),
(73, 'justo etiam pretium iaculis justo in hac habitasse', 'Praesent blandit. Nam nulla. Integer pede justo, lacinia eget, tincidunt eget, tempus vel, pede. Morbi porttitor lorem id ligula. Suspendisse ornare consequat lectus. In est risus, auctor sed, tristique in, tempus sit amet, sem. Fusce consequat. Nulla nisl.', 0, 418, 1, 77, 940, '2019-12-05 23:24:28'),
(74, 'gravida nisi', 'Morbi odio odio, elementum eu, interdum eu, tincidunt in, leo. Maecenas pulvinar lobortis est. Phasellus sit amet erat. Nulla tempus.', 0, 562, 4, 84, NULL, '2019-06-23 11:25:53'),
(75, 'erat volutpat', 'Aliquam quis turpis eget elit sodales scelerisque. Mauris sit amet eros. Suspendisse accumsan tortor quis turpis. Sed ante. Vivamus tortor. Duis mattis egestas metus. Aenean fermentum.', 1, 138, 3, 44, NULL, '2019-05-12 00:07:59'),
(76, 'nibh in hac', 'Duis aliquam convallis nunc. Proin at turpis a pede posuere nonummy. Integer non velit. Donec diam neque, vestibulum eget, vulputate ut, ultrices vel, augue. Vestibulum ante ipsum primis in faucibus orci luctus et ultrices posuere cubilia Curae; Donec pharetra, magna vestibulum aliquet ultrices, erat tortor sollicitudin mi, sit amet lobortis sapien sapien non mi.', 0, 204, 3, 93, 969, '2019-03-06 00:14:36'),
(77, 'sagittis sapien cum sociis', 'Suspendisse potenti. Nullam porttitor lacus at turpis. Donec posuere metus vitae ipsum. Aliquam non mauris. Morbi non lectus. Aliquam sit amet diam in magna bibendum imperdiet. Nullam orci pede, venenatis non, sodales sed, tincidunt eu, felis. Fusce posuere felis sed lacus.', 0, 131, 5, 65, 91, '2019-08-13 04:24:51'),
(78, 'massa id nisl venenatis lacinia aenean', 'Maecenas tincidunt lacus at velit. Vivamus vel nulla eget eros elementum pellentesque. Quisque porta volutpat erat. Quisque erat eros, viverra eget, congue eget, semper rutrum, nulla.', 0, 395, 3, 23, 586, '2019-07-15 07:22:18'),
(79, 'nullam molestie', 'In blandit ultrices enim. Lorem ipsum dolor sit amet, consectetuer adipiscing elit. Proin interdum mauris non ligula pellentesque ultrices. Phasellus id sapien in sapien iaculis congue. Vivamus metus arcu, adipiscing molestie, hendrerit at, vulputate vitae, nisl.', 0, 369, 4, 89, 266, '2019-10-12 13:58:27'),
(80, 'augue a suscipit nulla', 'Suspendisse ornare consequat lectus. In est risus, auctor sed, tristique in, tempus sit amet, sem. Fusce consequat.', 0, 257, 1, 87, 516, '2019-06-12 11:48:13'),
(81, 'vivamus metus arcu adipiscing molestie', 'Etiam vel augue. Vestibulum rutrum rutrum neque. Aenean auctor gravida sem. Praesent id massa id nisl venenatis lacinia. Aenean sit amet justo. Morbi ut odio. Cras mi pede, malesuada in, imperdiet et, commodo vulputate, justo. In blandit ultrices enim.', 1, 493, 3, 59, NULL, '2019-08-12 08:59:06'),
(82, 'non velit donec', 'Donec semper sapien a libero. Nam dui.', 0, 462, 5, 20, 783, '2019-12-09 00:20:12'),
(83, 'tempus vel', 'Vivamus vel nulla eget eros elementum pellentesque. Quisque porta volutpat erat. Quisque erat eros, viverra eget, congue eget, semper rutrum, nulla. Nunc purus.', 0, 497, 5, 37, 861, '2019-04-09 10:16:56'),
(84, 'vestibulum vestibulum ante ipsum', 'In hac habitasse platea dictumst. Aliquam augue quam, sollicitudin vitae, consectetuer eget, rutrum at, lorem.', 0, 192, 5, 96, 492, '2019-10-01 19:08:11'),
(85, 'vitae nisi nam ultrices libero non mattis', 'Duis at velit eu est congue elementum. In hac habitasse platea dictumst. Morbi vestibulum, velit id pretium iaculis, diam erat fermentum justo, nec condimentum neque sapien placerat ante. Nulla justo. Aliquam quis turpis eget elit sodales scelerisque.', 0, 264, 1, 68, 780, '2019-06-06 20:13:31'),
(86, 'faucibus orci luctus et ultrices posuere cubilia curae', 'Phasellus in felis. Donec semper sapien a libero. Nam dui. Proin leo odio, porttitor id, consequat in, consequat ut, nulla. Sed accumsan felis.', 0, 295, 3, 29, NULL, '2019-06-05 20:39:36'),
(87, 'nec nisi vulputate', 'Nulla justo. Aliquam quis turpis eget elit sodales scelerisque. Mauris sit amet eros. Suspendisse accumsan tortor quis turpis. Sed ante. Vivamus tortor.', 0, 283, 4, 30, 874, '2019-05-23 13:24:51'),
(88, 'justo sit', 'Vestibulum ac est lacinia nisi venenatis tristique. Fusce congue, diam id ornare imperdiet, sapien urna pretium nisl, ut volutpat sapien arcu sed augue. Aliquam erat volutpat. In congue. Etiam justo. Etiam pretium iaculis justo. In hac habitasse platea dictumst.', 0, 494, 2, 72, 98, '2019-09-05 05:53:13'),
(89, 'in leo', 'Proin risus. Praesent lectus. Vestibulum quam sapien, varius ut, blandit non, interdum in, ante. Vestibulum ante ipsum primis in faucibus orci luctus et ultrices posuere cubilia Curae; Duis faucibus accumsan odio. Curabitur convallis. Duis consequat dui nec nisi volutpat eleifend. Donec ut dolor.', 0, 256, 4, 61, 522, '2019-09-09 02:16:32'),
(90, 'varius ut blandit non interdum in', 'Phasellus id sapien in sapien iaculis congue. Vivamus metus arcu, adipiscing molestie, hendrerit at, vulputate vitae, nisl. Aenean lectus. Pellentesque eget nunc. Donec quis orci eget orci vehicula condimentum. Curabitur in libero ut massa volutpat convallis. Morbi odio odio, elementum eu, interdum eu, tincidunt in, leo. Maecenas pulvinar lobortis est.', 0, 585, 2, 81, 763, '2020-01-20 07:19:41'),
(91, 'tincidunt eget', 'Cras in purus eu magna vulputate luctus. Cum sociis natoque penatibus et magnis dis parturient montes, nascetur ridiculus mus. Vivamus vestibulum sagittis sapien. Cum sociis natoque penatibus et magnis dis parturient montes, nascetur ridiculus mus. Etiam vel augue. Vestibulum rutrum rutrum neque. Aenean auctor gravida sem. Praesent id massa id nisl venenatis lacinia.', 0, 271, 1, 6, 584, '2019-04-16 06:10:37'),
(92, 'vel nisl duis ac nibh fusce', 'Praesent blandit lacinia erat. Vestibulum sed magna at nunc commodo placerat.', 0, 552, 3, 42, 946, '2020-01-26 19:13:12'),
(93, 'diam id ornare imperdiet sapien urna pretium nisl', 'Praesent blandit. Nam nulla. Integer pede justo, lacinia eget, tincidunt eget, tempus vel, pede. Morbi porttitor lorem id ligula. Suspendisse ornare consequat lectus. In est risus, auctor sed, tristique in, tempus sit amet, sem. Fusce consequat.', 0, 475, 3, 52, 485, '2019-05-17 23:02:59'),
(94, 'vel sem sed sagittis nam congue', 'In hac habitasse platea dictumst. Morbi vestibulum, velit id pretium iaculis, diam erat fermentum justo, nec condimentum neque sapien placerat ante. Nulla justo. Aliquam quis turpis eget elit sodales scelerisque. Mauris sit amet eros.', 0, 557, 1, 18, 890, '2019-11-05 20:56:04'),
(95, 'nullam varius', 'Donec dapibus. Duis at velit eu est congue elementum. In hac habitasse platea dictumst. Morbi vestibulum, velit id pretium iaculis, diam erat fermentum justo, nec condimentum neque sapien placerat ante. Nulla justo.', 0, 281, 3, 48, 35, '2019-11-01 14:35:14'),
(96, 'dis parturient montes', 'Maecenas pulvinar lobortis est. Phasellus sit amet erat.', 0, 452, 1, 35, 635, '2019-11-30 21:26:50'),
(97, 'in porttitor pede justo eu', 'Duis at velit eu est congue elementum. In hac habitasse platea dictumst. Morbi vestibulum, velit id pretium iaculis, diam erat fermentum justo, nec condimentum neque sapien placerat ante. Nulla justo. Aliquam quis turpis eget elit sodales scelerisque. Mauris sit amet eros.', 0, 328, 2, 17, 274, '2020-01-22 21:03:27'),
(98, 'nunc proin at turpis', 'Vivamus metus arcu, adipiscing molestie, hendrerit at, vulputate vitae, nisl. Aenean lectus. Pellentesque eget nunc. Donec quis orci eget orci vehicula condimentum. Curabitur in libero ut massa volutpat convallis.', 0, 272, 2, 7, 473, '2019-08-20 21:23:45'),
(99, 'nunc viverra dapibus nulla suscipit', 'Vivamus metus arcu, adipiscing molestie, hendrerit at, vulputate vitae, nisl. Aenean lectus. Pellentesque eget nunc. Donec quis orci eget orci vehicula condimentum. Curabitur in libero ut massa volutpat convallis.', 0, 422, 1, 88, 411, '2019-07-20 00:31:17'),
(100, 'curae mauris viverra diam vitae', 'Nam congue, risus semper porta volutpat, quam pede lobortis ligula, sit amet eleifend pede libero quis orci. Nullam molestie nibh in lectus. Pellentesque at nulla.', 1, 589, 2, 89, NULL, '2019-12-29 09:41:01'),
(101, 'in hac', 'Morbi non lectus. Aliquam sit amet diam in magna bibendum imperdiet. Nullam orci pede, venenatis non, sodales sed, tincidunt eu, felis. Fusce posuere felis sed lacus. Morbi sem mauris, laoreet ut, rhoncus aliquet, pulvinar sed, nisl. Nunc rhoncus dui vel sem. Sed sagittis. Nam congue, risus semper porta volutpat, quam pede lobortis ligula, sit amet eleifend pede libero quis orci.', 0, 134, 4, 100, 514, '2020-02-15 22:42:01'),
(102, 'curae nulla dapibus dolor vel est', 'In hac habitasse platea dictumst. Morbi vestibulum, velit id pretium iaculis, diam erat fermentum justo, nec condimentum neque sapien placerat ante.', 0, 254, 4, 17, NULL, '2019-08-10 16:30:19'),
(103, 'elementum in hac', 'Vestibulum ante ipsum primis in faucibus orci luctus et ultrices posuere cubilia Curae; Mauris viverra diam vitae quam. Suspendisse potenti. Nullam porttitor lacus at turpis.', 0, 503, 4, 68, 87, '2019-05-28 18:08:31'),
(104, 'mi pede malesuada in', 'Maecenas tristique, est et tempus semper, est quam pharetra magna, ac consequat metus sapien ut nunc. Vestibulum ante ipsum primis in faucibus orci luctus et ultrices posuere cubilia Curae; Mauris viverra diam vitae quam. Suspendisse potenti. Nullam porttitor lacus at turpis. Donec posuere metus vitae ipsum. Aliquam non mauris. Morbi non lectus.', 0, 555, 5, 4, 897, '2019-05-31 15:14:07'),
(105, 'eros suspendisse accumsan tortor quis turpis sed', 'Integer ac neque. Duis bibendum. Morbi non quam nec dui luctus rutrum. Nulla tellus. In sagittis dui vel nisl.', 0, 191, 3, 63, 23, '2019-08-19 11:03:51'),
(106, 'platea dictumst aliquam augue quam sollicitudin vitae consectetuer', 'Integer ac leo. Pellentesque ultrices mattis odio. Donec vitae nisi. Nam ultrices, libero non mattis pulvinar, nulla pede ullamcorper augue, a suscipit nulla elit ac nulla. Sed vel enim sit amet nunc viverra dapibus. Nulla suscipit ligula in lacus. Curabitur at ipsum ac tellus semper interdum.', 1, 232, 3, 71, NULL, '2019-12-23 14:02:32'),
(107, 'nisi nam', 'Vivamus metus arcu, adipiscing molestie, hendrerit at, vulputate vitae, nisl. Aenean lectus.', 0, 469, 2, 84, 264, '2019-04-11 07:00:08'),
(108, 'rhoncus aliquet pulvinar sed nisl nunc rhoncus dui', 'Maecenas rhoncus aliquam lacus. Morbi quis tortor id nulla ultrices aliquet. Maecenas leo odio, condimentum id, luctus nec, molestie sed, justo. Pellentesque viverra pede ac diam. Cras pellentesque volutpat dui. Maecenas tristique, est et tempus semper, est quam pharetra magna, ac consequat metus sapien ut nunc. Vestibulum ante ipsum primis in faucibus orci luctus et ultrices posuere cubilia Curae; Mauris viverra diam vitae quam. Suspendisse potenti.', 0, 538, 5, 44, 348, '2019-06-27 21:27:08'),
(109, 'nisl duis bibendum felis sed interdum venenatis turpis', 'Morbi a ipsum. Integer a nibh. In quis justo. Maecenas rhoncus aliquam lacus. Morbi quis tortor id nulla ultrices aliquet. Maecenas leo odio, condimentum id, luctus nec, molestie sed, justo. Pellentesque viverra pede ac diam. Cras pellentesque volutpat dui.', 0, 276, 2, 82, NULL, '2019-08-19 17:19:37'),
(110, 'quis augue luctus', 'Donec dapibus. Duis at velit eu est congue elementum. In hac habitasse platea dictumst.', 1, 544, 3, 30, NULL, '2019-03-19 13:34:27'),
(111, 'ut dolor', 'Vestibulum ante ipsum primis in faucibus orci luctus et ultrices posuere cubilia Curae; Mauris viverra diam vitae quam. Suspendisse potenti. Nullam porttitor lacus at turpis. Donec posuere metus vitae ipsum. Aliquam non mauris. Morbi non lectus.', 0, 170, 3, 85, 364, '2019-09-07 21:15:27'),
(112, 'volutpat quam pede lobortis', 'Aenean auctor gravida sem. Praesent id massa id nisl venenatis lacinia. Aenean sit amet justo. Morbi ut odio.', 0, 265, 4, 91, NULL, '2019-11-07 23:02:17'),
(113, 'augue vestibulum ante ipsum primis in', 'Donec dapibus. Duis at velit eu est congue elementum. In hac habitasse platea dictumst. Morbi vestibulum, velit id pretium iaculis, diam erat fermentum justo, nec condimentum neque sapien placerat ante. Nulla justo. Aliquam quis turpis eget elit sodales scelerisque. Mauris sit amet eros. Suspendisse accumsan tortor quis turpis.', 0, 556, 2, 50, 177, '2019-10-27 09:22:47'),
(114, 'sagittis sapien', 'Etiam vel augue. Vestibulum rutrum rutrum neque. Aenean auctor gravida sem. Praesent id massa id nisl venenatis lacinia. Aenean sit amet justo. Morbi ut odio. Cras mi pede, malesuada in, imperdiet et, commodo vulputate, justo. In blandit ultrices enim.', 0, 120, 5, 37, 186, '2020-01-16 06:35:57'),
(115, 'vitae quam suspendisse potenti nullam porttitor lacus', 'Morbi non lectus. Aliquam sit amet diam in magna bibendum imperdiet. Nullam orci pede, venenatis non, sodales sed, tincidunt eu, felis.', 0, 390, 4, 5, 256, '2020-02-12 16:48:01'),
(116, 'luctus et ultrices posuere cubilia', 'Vivamus tortor. Duis mattis egestas metus. Aenean fermentum. Donec ut mauris eget massa tempor convallis. Nulla neque libero, convallis eget, eleifend luctus, ultricies eu, nibh. Quisque id justo sit amet sapien dignissim vestibulum. Vestibulum ante ipsum primis in faucibus orci luctus et ultrices posuere cubilia Curae; Nulla dapibus dolor vel est. Donec odio justo, sollicitudin ut, suscipit a, feugiat et, eros.', 0, 407, 4, 7, 488, '2019-03-21 00:23:57'),
(117, 'ipsum ac tellus semper interdum mauris ullamcorper purus', 'Aliquam non mauris. Morbi non lectus.', 0, 316, 3, 72, 785, '2019-03-29 00:13:32'),
(118, 'sem duis aliquam convallis nunc proin', 'Duis aliquam convallis nunc. Proin at turpis a pede posuere nonummy. Integer non velit. Donec diam neque, vestibulum eget, vulputate ut, ultrices vel, augue.', 0, 553, 2, 47, 220, '2019-08-13 23:14:18'),
(119, 'nec nisi vulputate nonummy maecenas tincidunt lacus at', 'Aliquam sit amet diam in magna bibendum imperdiet. Nullam orci pede, venenatis non, sodales sed, tincidunt eu, felis. Fusce posuere felis sed lacus. Morbi sem mauris, laoreet ut, rhoncus aliquet, pulvinar sed, nisl. Nunc rhoncus dui vel sem.', 0, 482, 2, 12, 60, '2020-02-04 21:23:33'),
(120, 'euismod scelerisque quam', 'Donec quis orci eget orci vehicula condimentum. Curabitur in libero ut massa volutpat convallis. Morbi odio odio, elementum eu, interdum eu, tincidunt in, leo. Maecenas pulvinar lobortis est. Phasellus sit amet erat. Nulla tempus. Vivamus in felis eu sapien cursus vestibulum.', 0, 588, 5, 97, 613, '2019-02-27 05:18:22'),
(121, 'nunc vestibulum ante ipsum', 'Morbi porttitor lorem id ligula. Suspendisse ornare consequat lectus. In est risus, auctor sed, tristique in, tempus sit amet, sem. Fusce consequat. Nulla nisl. Nunc nisl.', 0, 416, 2, 29, 450, '2019-12-15 07:50:21'),
(122, 'platea dictumst morbi vestibulum velit id pretium', 'Duis aliquam convallis nunc. Proin at turpis a pede posuere nonummy.', 0, 490, 2, 16, 134, '2019-11-13 23:06:47'),
(123, 'id justo sit amet sapien dignissim vestibulum vestibulum', 'Suspendisse potenti. Cras in purus eu magna vulputate luctus.', 0, 340, 3, 87, 542, '2019-10-26 22:14:14'),
(124, 'mattis pulvinar', 'Nunc rhoncus dui vel sem. Sed sagittis. Nam congue, risus semper porta volutpat, quam pede lobortis ligula, sit amet eleifend pede libero quis orci. Nullam molestie nibh in lectus. Pellentesque at nulla. Suspendisse potenti.', 1, 343, 2, 58, NULL, '2019-11-23 23:42:53'),
(125, 'rutrum nulla tellus in sagittis', 'Curabitur in libero ut massa volutpat convallis. Morbi odio odio, elementum eu, interdum eu, tincidunt in, leo. Maecenas pulvinar lobortis est. Phasellus sit amet erat. Nulla tempus. Vivamus in felis eu sapien cursus vestibulum.', 0, 130, 5, 37, 926, '2019-08-07 22:26:16'),
(126, 'lectus pellentesque eget nunc donec', 'Morbi vestibulum, velit id pretium iaculis, diam erat fermentum justo, nec condimentum neque sapien placerat ante. Nulla justo. Aliquam quis turpis eget elit sodales scelerisque. Mauris sit amet eros. Suspendisse accumsan tortor quis turpis. Sed ante. Vivamus tortor. Duis mattis egestas metus.', 0, 314, 4, 45, 377, '2019-10-14 15:29:53'),
(127, 'vestibulum proin eu mi nulla ac enim in', 'Pellentesque at nulla. Suspendisse potenti. Cras in purus eu magna vulputate luctus. Cum sociis natoque penatibus et magnis dis parturient montes, nascetur ridiculus mus. Vivamus vestibulum sagittis sapien. Cum sociis natoque penatibus et magnis dis parturient montes, nascetur ridiculus mus. Etiam vel augue.', 0, 122, 2, 71, 266, '2019-08-28 11:28:34'),
(128, 'tincidunt lacus at velit vivamus vel', 'Nulla suscipit ligula in lacus. Curabitur at ipsum ac tellus semper interdum. Mauris ullamcorper purus sit amet nulla.', 0, 238, 2, 75, 358, '2019-08-05 14:51:43'),
(129, 'integer pede justo lacinia eget tincidunt', 'Nunc purus. Phasellus in felis. Donec semper sapien a libero. Nam dui. Proin leo odio, porttitor id, consequat in, consequat ut, nulla. Sed accumsan felis.', 0, 316, 4, 55, 59, '2019-12-10 04:39:20'),
(130, 'augue quam sollicitudin vitae consectetuer', 'Integer tincidunt ante vel ipsum. Praesent blandit lacinia erat. Vestibulum sed magna at nunc commodo placerat. Praesent blandit. Nam nulla.', 0, 292, 4, 41, 672, '2019-08-31 04:16:39'),
(131, 'metus arcu', 'Etiam vel augue. Vestibulum rutrum rutrum neque.', 0, 374, 5, 87, 330, '2019-12-27 02:27:41'),
(132, 'pede malesuada in imperdiet', 'Integer aliquet, massa id lobortis convallis, tortor risus dapibus augue, vel accumsan tellus nisi eu orci. Mauris lacinia sapien quis libero. Nullam sit amet turpis elementum ligula vehicula consequat. Morbi a ipsum. Integer a nibh.', 0, 507, 4, 17, 955, '2019-07-18 09:41:53'),
(133, 'fringilla rhoncus mauris enim leo rhoncus sed vestibulum', 'Nullam molestie nibh in lectus. Pellentesque at nulla. Suspendisse potenti.', 0, 372, 1, 14, 445, '2019-12-04 20:57:58'),
(134, 'maecenas tristique est', 'Duis at velit eu est congue elementum. In hac habitasse platea dictumst. Morbi vestibulum, velit id pretium iaculis, diam erat fermentum justo, nec condimentum neque sapien placerat ante. Nulla justo. Aliquam quis turpis eget elit sodales scelerisque. Mauris sit amet eros.', 0, 397, 2, 66, NULL, '2019-10-29 08:10:56'),
(135, 'cras pellentesque volutpat dui maecenas tristique est et', 'Donec ut dolor. Morbi vel lectus in quam fringilla rhoncus.', 0, 540, 2, 50, 42, '2019-12-15 10:29:55'),
(136, 'sed magna at nunc commodo placerat', 'Duis ac nibh. Fusce lacus purus, aliquet at, feugiat non, pretium quis, lectus. Suspendisse potenti. In eleifend quam a odio. In hac habitasse platea dictumst. Maecenas ut massa quis augue luctus tincidunt.', 1, 543, 2, 91, NULL, '2019-06-11 22:08:24'),
(137, 'sit amet erat nulla', 'Quisque porta volutpat erat. Quisque erat eros, viverra eget, congue eget, semper rutrum, nulla. Nunc purus.', 1, 237, 2, 81, NULL, '2019-04-09 00:24:38'),
(138, 'eros elementum pellentesque quisque porta volutpat', 'Donec posuere metus vitae ipsum. Aliquam non mauris. Morbi non lectus. Aliquam sit amet diam in magna bibendum imperdiet. Nullam orci pede, venenatis non, sodales sed, tincidunt eu, felis.', 0, 315, 5, 28, 717, '2019-12-19 01:39:10'),
(139, 'nulla eget eros elementum pellentesque quisque', 'Morbi quis tortor id nulla ultrices aliquet. Maecenas leo odio, condimentum id, luctus nec, molestie sed, justo. Pellentesque viverra pede ac diam. Cras pellentesque volutpat dui. Maecenas tristique, est et tempus semper, est quam pharetra magna, ac consequat metus sapien ut nunc.', 0, 587, 5, 23, NULL, '2019-11-17 04:39:16'),
(140, 'vestibulum proin eu mi nulla ac', 'Ut at dolor quis odio consequat varius. Integer ac leo. Pellentesque ultrices mattis odio. Donec vitae nisi.', 0, 366, 4, 46, 231, '2019-09-08 02:25:45'),
(141, 'non velit', 'Nulla suscipit ligula in lacus. Curabitur at ipsum ac tellus semper interdum. Mauris ullamcorper purus sit amet nulla.', 0, 429, 4, 21, 408, '2019-05-16 07:06:11'),
(142, 'integer ac', 'Morbi odio odio, elementum eu, interdum eu, tincidunt in, leo. Maecenas pulvinar lobortis est. Phasellus sit amet erat. Nulla tempus.', 0, 579, 1, 72, 273, '2019-08-03 05:59:35'),
(143, 'amet consectetuer adipiscing elit proin', 'Suspendisse potenti. In eleifend quam a odio. In hac habitasse platea dictumst. Maecenas ut massa quis augue luctus tincidunt. Nulla mollis molestie lorem. Quisque ut erat. Curabitur gravida nisi at nibh.', 1, 541, 4, 60, NULL, '2019-10-02 02:38:37'),
(144, 'id turpis integer aliquet massa', 'Proin leo odio, porttitor id, consequat in, consequat ut, nulla. Sed accumsan felis. Ut at dolor quis odio consequat varius. Integer ac leo. Pellentesque ultrices mattis odio.', 0, 530, 4, 71, 689, '2019-04-15 11:59:11'),
(145, 'magnis dis parturient montes nascetur ridiculus mus', 'Maecenas ut massa quis augue luctus tincidunt. Nulla mollis molestie lorem. Quisque ut erat. Curabitur gravida nisi at nibh. In hac habitasse platea dictumst. Aliquam augue quam, sollicitudin vitae, consectetuer eget, rutrum at, lorem.', 1, 154, 1, 90, NULL, '2019-08-26 22:18:55'),
(146, 'ante nulla justo aliquam quis turpis eget elit', 'In hac habitasse platea dictumst. Aliquam augue quam, sollicitudin vitae, consectetuer eget, rutrum at, lorem. Integer tincidunt ante vel ipsum. Praesent blandit lacinia erat. Vestibulum sed magna at nunc commodo placerat.', 0, 146, 3, 38, 850, '2020-02-21 00:45:50'),
(147, 'nec sem duis aliquam convallis', 'Morbi porttitor lorem id ligula. Suspendisse ornare consequat lectus. In est risus, auctor sed, tristique in, tempus sit amet, sem. Fusce consequat. Nulla nisl. Nunc nisl. Duis bibendum, felis sed interdum venenatis, turpis enim blandit mi, in porttitor pede justo eu massa. Donec dapibus.', 0, 479, 3, 47, 181, '2020-02-05 02:54:32'),
(148, 'sed nisl', 'Nulla neque libero, convallis eget, eleifend luctus, ultricies eu, nibh. Quisque id justo sit amet sapien dignissim vestibulum. Vestibulum ante ipsum primis in faucibus orci luctus et ultrices posuere cubilia Curae; Nulla dapibus dolor vel est. Donec odio justo, sollicitudin ut, suscipit a, feugiat et, eros. Vestibulum ac est lacinia nisi venenatis tristique. Fusce congue, diam id ornare imperdiet, sapien urna pretium nisl, ut volutpat sapien arcu sed augue. Aliquam erat volutpat.', 0, 256, 2, 86, NULL, '2019-06-12 12:38:26'),
(149, 'imperdiet et commodo', 'Nullam porttitor lacus at turpis. Donec posuere metus vitae ipsum. Aliquam non mauris. Morbi non lectus. Aliquam sit amet diam in magna bibendum imperdiet. Nullam orci pede, venenatis non, sodales sed, tincidunt eu, felis.', 0, 339, 2, 40, NULL, '2019-07-23 04:46:14'),
(150, 'praesent lectus vestibulum quam sapien varius', 'Aenean sit amet justo. Morbi ut odio. Cras mi pede, malesuada in, imperdiet et, commodo vulputate, justo. In blandit ultrices enim. Lorem ipsum dolor sit amet, consectetuer adipiscing elit. Proin interdum mauris non ligula pellentesque ultrices. Phasellus id sapien in sapien iaculis congue. Vivamus metus arcu, adipiscing molestie, hendrerit at, vulputate vitae, nisl.', 0, 511, 1, 23, 362, '2019-03-03 23:09:53'),
(151, 'vestibulum sagittis sapien cum sociis', 'Praesent lectus. Vestibulum quam sapien, varius ut, blandit non, interdum in, ante.', 0, 548, 5, 100, 56, '2019-12-29 10:39:23'),
(152, 'nunc purus', 'Suspendisse potenti. Nullam porttitor lacus at turpis. Donec posuere metus vitae ipsum. Aliquam non mauris.', 0, 434, 2, 13, NULL, '2019-12-31 15:24:14'),
(153, 'a ipsum integer a', 'Duis mattis egestas metus. Aenean fermentum. Donec ut mauris eget massa tempor convallis. Nulla neque libero, convallis eget, eleifend luctus, ultricies eu, nibh. Quisque id justo sit amet sapien dignissim vestibulum.', 0, 196, 2, 49, 858, '2019-07-27 00:56:13'),
(154, 'aliquam erat volutpat in', 'In quis justo. Maecenas rhoncus aliquam lacus. Morbi quis tortor id nulla ultrices aliquet. Maecenas leo odio, condimentum id, luctus nec, molestie sed, justo. Pellentesque viverra pede ac diam. Cras pellentesque volutpat dui. Maecenas tristique, est et tempus semper, est quam pharetra magna, ac consequat metus sapien ut nunc. Vestibulum ante ipsum primis in faucibus orci luctus et ultrices posuere cubilia Curae; Mauris viverra diam vitae quam.', 0, 533, 1, 37, 640, '2019-10-09 05:18:37'),
(155, 'risus dapibus augue vel accumsan', 'Nullam porttitor lacus at turpis. Donec posuere metus vitae ipsum. Aliquam non mauris.', 0, 427, 3, 42, 784, '2020-02-22 10:52:55'),
(156, 'quam nec dui luctus rutrum nulla tellus', 'Nullam varius. Nulla facilisi.', 0, 274, 1, 67, 875, '2020-01-20 21:48:45'),
(157, 'dolor sit amet consectetuer', 'Nunc rhoncus dui vel sem. Sed sagittis. Nam congue, risus semper porta volutpat, quam pede lobortis ligula, sit amet eleifend pede libero quis orci. Nullam molestie nibh in lectus. Pellentesque at nulla. Suspendisse potenti. Cras in purus eu magna vulputate luctus.', 0, 108, 5, 26, 867, '2019-09-14 00:27:16'),
(158, 'sapien iaculis', 'Integer a nibh. In quis justo. Maecenas rhoncus aliquam lacus. Morbi quis tortor id nulla ultrices aliquet. Maecenas leo odio, condimentum id, luctus nec, molestie sed, justo. Pellentesque viverra pede ac diam.', 0, 229, 5, 26, 109, '2019-12-22 05:33:25'),
(159, 'at lorem integer tincidunt', 'Nunc nisl. Duis bibendum, felis sed interdum venenatis, turpis enim blandit mi, in porttitor pede justo eu massa.', 0, 474, 5, 97, 481, '2019-04-27 01:11:24'),
(160, 'varius nulla facilisi cras', 'Morbi vestibulum, velit id pretium iaculis, diam erat fermentum justo, nec condimentum neque sapien placerat ante. Nulla justo. Aliquam quis turpis eget elit sodales scelerisque. Mauris sit amet eros. Suspendisse accumsan tortor quis turpis. Sed ante. Vivamus tortor. Duis mattis egestas metus.', 0, 295, 2, 99, 774, '2019-03-08 15:33:24'),
(161, 'convallis nulla neque libero convallis', 'Cras pellentesque volutpat dui. Maecenas tristique, est et tempus semper, est quam pharetra magna, ac consequat metus sapien ut nunc. Vestibulum ante ipsum primis in faucibus orci luctus et ultrices posuere cubilia Curae; Mauris viverra diam vitae quam. Suspendisse potenti. Nullam porttitor lacus at turpis. Donec posuere metus vitae ipsum. Aliquam non mauris. Morbi non lectus.', 1, 176, 5, 69, NULL, '2019-07-27 13:07:58'),
(162, 'erat curabitur gravida nisi at', 'Sed accumsan felis. Ut at dolor quis odio consequat varius. Integer ac leo. Pellentesque ultrices mattis odio. Donec vitae nisi. Nam ultrices, libero non mattis pulvinar, nulla pede ullamcorper augue, a suscipit nulla elit ac nulla. Sed vel enim sit amet nunc viverra dapibus. Nulla suscipit ligula in lacus.', 0, 334, 4, 26, 659, '2020-01-17 21:12:26'),
(163, 'id consequat in consequat ut', 'Lorem ipsum dolor sit amet, consectetuer adipiscing elit. Proin interdum mauris non ligula pellentesque ultrices. Phasellus id sapien in sapien iaculis congue. Vivamus metus arcu, adipiscing molestie, hendrerit at, vulputate vitae, nisl. Aenean lectus. Pellentesque eget nunc. Donec quis orci eget orci vehicula condimentum.', 0, 550, 1, 20, 716, '2019-09-16 21:24:05'),
(164, 'molestie sed', 'Sed sagittis. Nam congue, risus semper porta volutpat, quam pede lobortis ligula, sit amet eleifend pede libero quis orci. Nullam molestie nibh in lectus. Pellentesque at nulla. Suspendisse potenti. Cras in purus eu magna vulputate luctus.', 0, 281, 4, 10, NULL, '2019-11-14 02:57:05'),
(165, 'a pede posuere nonummy integer non velit donec', 'Nunc rhoncus dui vel sem. Sed sagittis. Nam congue, risus semper porta volutpat, quam pede lobortis ligula, sit amet eleifend pede libero quis orci. Nullam molestie nibh in lectus. Pellentesque at nulla. Suspendisse potenti. Cras in purus eu magna vulputate luctus. Cum sociis natoque penatibus et magnis dis parturient montes, nascetur ridiculus mus.', 0, 568, 4, 24, 46, '2019-05-21 12:57:56'),
(166, 'nulla neque libero convallis', 'Donec ut mauris eget massa tempor convallis. Nulla neque libero, convallis eget, eleifend luctus, ultricies eu, nibh. Quisque id justo sit amet sapien dignissim vestibulum. Vestibulum ante ipsum primis in faucibus orci luctus et ultrices posuere cubilia Curae; Nulla dapibus dolor vel est. Donec odio justo, sollicitudin ut, suscipit a, feugiat et, eros. Vestibulum ac est lacinia nisi venenatis tristique. Fusce congue, diam id ornare imperdiet, sapien urna pretium nisl, ut volutpat sapien arcu sed augue. Aliquam erat volutpat.', 0, 172, 4, 2, 558, '2019-02-27 23:52:45'),
(167, 'in faucibus orci luctus', 'Praesent blandit lacinia erat. Vestibulum sed magna at nunc commodo placerat. Praesent blandit. Nam nulla. Integer pede justo, lacinia eget, tincidunt eget, tempus vel, pede.', 0, 503, 5, 59, NULL, '2019-12-14 14:36:37');
INSERT INTO `posts` (`id`, `title`, `body`, `has_img`, `views`, `category`, `author`, `replying_to`, `creation_date`) VALUES
(168, 'cras in purus eu magna vulputate', 'Vestibulum sed magna at nunc commodo placerat. Praesent blandit. Nam nulla. Integer pede justo, lacinia eget, tincidunt eget, tempus vel, pede. Morbi porttitor lorem id ligula. Suspendisse ornare consequat lectus. In est risus, auctor sed, tristique in, tempus sit amet, sem.', 1, 210, 1, 79, NULL, '2019-08-10 07:59:17'),
(169, 'quisque ut erat curabitur', 'Duis mattis egestas metus. Aenean fermentum. Donec ut mauris eget massa tempor convallis. Nulla neque libero, convallis eget, eleifend luctus, ultricies eu, nibh. Quisque id justo sit amet sapien dignissim vestibulum. Vestibulum ante ipsum primis in faucibus orci luctus et ultrices posuere cubilia Curae; Nulla dapibus dolor vel est. Donec odio justo, sollicitudin ut, suscipit a, feugiat et, eros. Vestibulum ac est lacinia nisi venenatis tristique.', 1, 305, 5, 83, NULL, '2019-12-16 12:48:56'),
(170, 'purus sit amet nulla quisque arcu', 'Cras mi pede, malesuada in, imperdiet et, commodo vulputate, justo. In blandit ultrices enim. Lorem ipsum dolor sit amet, consectetuer adipiscing elit. Proin interdum mauris non ligula pellentesque ultrices. Phasellus id sapien in sapien iaculis congue.', 0, 300, 1, 31, 642, '2019-12-29 22:47:34'),
(171, 'rutrum nulla nunc purus', 'Nulla nisl. Nunc nisl. Duis bibendum, felis sed interdum venenatis, turpis enim blandit mi, in porttitor pede justo eu massa. Donec dapibus. Duis at velit eu est congue elementum. In hac habitasse platea dictumst. Morbi vestibulum, velit id pretium iaculis, diam erat fermentum justo, nec condimentum neque sapien placerat ante. Nulla justo.', 0, 584, 3, 46, 213, '2019-06-18 20:38:17'),
(172, 'vestibulum ante ipsum primis in faucibus orci luctus', 'In blandit ultrices enim. Lorem ipsum dolor sit amet, consectetuer adipiscing elit. Proin interdum mauris non ligula pellentesque ultrices. Phasellus id sapien in sapien iaculis congue.', 0, 198, 1, 47, 18, '2019-06-30 03:45:25'),
(173, 'semper sapien', 'Mauris lacinia sapien quis libero. Nullam sit amet turpis elementum ligula vehicula consequat. Morbi a ipsum. Integer a nibh. In quis justo.', 1, 427, 2, 42, NULL, '2019-10-21 13:28:12'),
(174, 'maecenas rhoncus aliquam lacus morbi', 'Nulla suscipit ligula in lacus. Curabitur at ipsum ac tellus semper interdum.', 0, 287, 3, 58, 334, '2019-12-03 03:43:00'),
(175, 'tincidunt eu felis fusce', 'Duis bibendum. Morbi non quam nec dui luctus rutrum. Nulla tellus. In sagittis dui vel nisl. Duis ac nibh. Fusce lacus purus, aliquet at, feugiat non, pretium quis, lectus. Suspendisse potenti.', 1, 136, 1, 18, NULL, '2019-05-16 20:46:27'),
(176, 'lectus pellentesque eget nunc donec quis', 'In congue. Etiam justo. Etiam pretium iaculis justo.', 0, 452, 2, 35, 772, '2019-10-17 14:06:37'),
(177, 'lobortis vel dapibus at diam nam tristique tortor', 'In hac habitasse platea dictumst. Aliquam augue quam, sollicitudin vitae, consectetuer eget, rutrum at, lorem. Integer tincidunt ante vel ipsum. Praesent blandit lacinia erat. Vestibulum sed magna at nunc commodo placerat.', 0, 323, 3, 48, 252, '2020-01-16 13:25:49'),
(178, 'metus sapien ut nunc vestibulum ante', 'Praesent blandit. Nam nulla. Integer pede justo, lacinia eget, tincidunt eget, tempus vel, pede. Morbi porttitor lorem id ligula. Suspendisse ornare consequat lectus.', 0, 319, 3, 64, 860, '2019-09-13 23:14:05'),
(179, 'nunc commodo', 'Etiam faucibus cursus urna. Ut tellus.', 0, 439, 4, 32, 608, '2019-05-15 23:59:23'),
(180, 'consectetuer adipiscing elit proin', 'Cras pellentesque volutpat dui. Maecenas tristique, est et tempus semper, est quam pharetra magna, ac consequat metus sapien ut nunc. Vestibulum ante ipsum primis in faucibus orci luctus et ultrices posuere cubilia Curae; Mauris viverra diam vitae quam. Suspendisse potenti. Nullam porttitor lacus at turpis. Donec posuere metus vitae ipsum. Aliquam non mauris.', 0, 372, 2, 80, 901, '2019-07-13 08:59:24'),
(181, 'tortor risus dapibus augue vel accumsan tellus', 'Vivamus in felis eu sapien cursus vestibulum. Proin eu mi. Nulla ac enim. In tempor, turpis nec euismod scelerisque, quam turpis adipiscing lorem, vitae mattis nibh ligula nec sem. Duis aliquam convallis nunc.', 0, 503, 1, 10, NULL, '2019-05-26 22:53:01'),
(182, 'ut odio cras mi pede malesuada in', 'Integer pede justo, lacinia eget, tincidunt eget, tempus vel, pede. Morbi porttitor lorem id ligula. Suspendisse ornare consequat lectus. In est risus, auctor sed, tristique in, tempus sit amet, sem.', 0, 253, 5, 7, NULL, '2019-10-05 11:54:39'),
(183, 'nulla ut erat id mauris vulputate elementum nullam', 'Integer ac leo. Pellentesque ultrices mattis odio. Donec vitae nisi. Nam ultrices, libero non mattis pulvinar, nulla pede ullamcorper augue, a suscipit nulla elit ac nulla. Sed vel enim sit amet nunc viverra dapibus. Nulla suscipit ligula in lacus. Curabitur at ipsum ac tellus semper interdum. Mauris ullamcorper purus sit amet nulla.', 0, 494, 4, 58, 755, '2020-02-08 08:28:22'),
(184, 'amet turpis elementum ligula vehicula consequat morbi a', 'Integer non velit. Donec diam neque, vestibulum eget, vulputate ut, ultrices vel, augue. Vestibulum ante ipsum primis in faucibus orci luctus et ultrices posuere cubilia Curae; Donec pharetra, magna vestibulum aliquet ultrices, erat tortor sollicitudin mi, sit amet lobortis sapien sapien non mi.', 0, 222, 1, 36, 951, '2019-05-29 07:21:37'),
(185, 'molestie nibh', 'Vivamus vel nulla eget eros elementum pellentesque. Quisque porta volutpat erat. Quisque erat eros, viverra eget, congue eget, semper rutrum, nulla. Nunc purus. Phasellus in felis.', 0, 164, 2, 29, 46, '2019-07-17 22:11:37'),
(186, 'turpis elementum ligula', 'Curabitur gravida nisi at nibh. In hac habitasse platea dictumst. Aliquam augue quam, sollicitudin vitae, consectetuer eget, rutrum at, lorem. Integer tincidunt ante vel ipsum. Praesent blandit lacinia erat. Vestibulum sed magna at nunc commodo placerat. Praesent blandit. Nam nulla.', 0, 179, 3, 68, 796, '2019-07-11 14:57:19'),
(187, 'orci luctus', 'Lorem ipsum dolor sit amet, consectetuer adipiscing elit. Proin interdum mauris non ligula pellentesque ultrices. Phasellus id sapien in sapien iaculis congue. Vivamus metus arcu, adipiscing molestie, hendrerit at, vulputate vitae, nisl. Aenean lectus. Pellentesque eget nunc. Donec quis orci eget orci vehicula condimentum.', 0, 108, 5, 26, 729, '2019-08-10 00:26:25'),
(188, 'ligula suspendisse', 'Etiam pretium iaculis justo. In hac habitasse platea dictumst.', 1, 280, 1, 42, NULL, '2019-04-29 08:23:26'),
(189, 'in hac', 'In quis justo. Maecenas rhoncus aliquam lacus. Morbi quis tortor id nulla ultrices aliquet. Maecenas leo odio, condimentum id, luctus nec, molestie sed, justo. Pellentesque viverra pede ac diam. Cras pellentesque volutpat dui.', 0, 524, 3, 41, 451, '2020-02-14 07:39:08'),
(190, 'congue risus semper porta volutpat', 'Morbi non lectus. Aliquam sit amet diam in magna bibendum imperdiet.', 0, 273, 3, 69, 258, '2019-05-10 15:25:48'),
(191, 'montes nascetur ridiculus mus vivamus vestibulum sagittis sapien', 'Maecenas ut massa quis augue luctus tincidunt. Nulla mollis molestie lorem.', 0, 503, 5, 14, NULL, '2019-10-08 01:06:00'),
(192, 'porta volutpat erat quisque erat eros viverra eget', 'Quisque id justo sit amet sapien dignissim vestibulum. Vestibulum ante ipsum primis in faucibus orci luctus et ultrices posuere cubilia Curae; Nulla dapibus dolor vel est. Donec odio justo, sollicitudin ut, suscipit a, feugiat et, eros. Vestibulum ac est lacinia nisi venenatis tristique. Fusce congue, diam id ornare imperdiet, sapien urna pretium nisl, ut volutpat sapien arcu sed augue. Aliquam erat volutpat. In congue.', 0, 280, 4, 64, 122, '2019-08-16 01:43:10'),
(193, 'quisque erat eros', 'Nunc purus. Phasellus in felis. Donec semper sapien a libero. Nam dui. Proin leo odio, porttitor id, consequat in, consequat ut, nulla.', 0, 522, 4, 56, 980, '2020-01-02 22:51:23'),
(194, 'sit amet cursus id turpis integer aliquet', 'Nulla mollis molestie lorem. Quisque ut erat. Curabitur gravida nisi at nibh. In hac habitasse platea dictumst. Aliquam augue quam, sollicitudin vitae, consectetuer eget, rutrum at, lorem. Integer tincidunt ante vel ipsum.', 0, 429, 4, 93, 368, '2019-09-02 17:48:47'),
(195, 'elementum ligula vehicula consequat', 'In congue. Etiam justo. Etiam pretium iaculis justo.', 0, 463, 5, 83, NULL, '2020-02-13 04:43:02'),
(196, 'erat fermentum', 'Suspendisse potenti. In eleifend quam a odio. In hac habitasse platea dictumst.', 0, 387, 2, 63, 420, '2019-03-16 21:06:31'),
(197, 'dui nec', 'In hac habitasse platea dictumst. Aliquam augue quam, sollicitudin vitae, consectetuer eget, rutrum at, lorem. Integer tincidunt ante vel ipsum.', 0, 255, 3, 65, 849, '2019-12-03 12:40:02'),
(198, 'bibendum morbi non quam nec dui', 'Vestibulum quam sapien, varius ut, blandit non, interdum in, ante. Vestibulum ante ipsum primis in faucibus orci luctus et ultrices posuere cubilia Curae; Duis faucibus accumsan odio. Curabitur convallis. Duis consequat dui nec nisi volutpat eleifend. Donec ut dolor. Morbi vel lectus in quam fringilla rhoncus. Mauris enim leo, rhoncus sed, vestibulum sit amet, cursus id, turpis. Integer aliquet, massa id lobortis convallis, tortor risus dapibus augue, vel accumsan tellus nisi eu orci.', 0, 102, 5, 62, 956, '2019-12-06 08:45:43'),
(199, 'eleifend luctus', 'Etiam vel augue. Vestibulum rutrum rutrum neque. Aenean auctor gravida sem. Praesent id massa id nisl venenatis lacinia. Aenean sit amet justo. Morbi ut odio. Cras mi pede, malesuada in, imperdiet et, commodo vulputate, justo.', 0, 387, 3, 84, 562, '2019-08-07 11:33:17'),
(200, 'pede morbi porttitor lorem id ligula suspendisse ornare', 'Cras in purus eu magna vulputate luctus. Cum sociis natoque penatibus et magnis dis parturient montes, nascetur ridiculus mus. Vivamus vestibulum sagittis sapien. Cum sociis natoque penatibus et magnis dis parturient montes, nascetur ridiculus mus. Etiam vel augue.', 0, 318, 4, 39, 160, '2019-03-27 16:44:19'),
(201, 'curabitur convallis', 'Nullam orci pede, venenatis non, sodales sed, tincidunt eu, felis. Fusce posuere felis sed lacus.', 0, 386, 5, 99, 630, '2019-10-18 04:23:21'),
(202, 'consequat lectus in est risus auctor', 'Proin at turpis a pede posuere nonummy. Integer non velit. Donec diam neque, vestibulum eget, vulputate ut, ultrices vel, augue. Vestibulum ante ipsum primis in faucibus orci luctus et ultrices posuere cubilia Curae; Donec pharetra, magna vestibulum aliquet ultrices, erat tortor sollicitudin mi, sit amet lobortis sapien sapien non mi. Integer ac neque.', 0, 507, 2, 9, NULL, '2019-04-15 12:45:06'),
(203, 'integer pede justo lacinia eget tincidunt eget', 'Etiam justo. Etiam pretium iaculis justo.', 0, 469, 2, 84, 398, '2019-04-19 23:57:23'),
(204, 'quam a odio in hac', 'In hac habitasse platea dictumst. Etiam faucibus cursus urna. Ut tellus. Nulla ut erat id mauris vulputate elementum.', 0, 115, 1, 36, 775, '2019-10-20 16:32:53'),
(205, 'convallis tortor risus dapibus augue vel accumsan', 'Fusce congue, diam id ornare imperdiet, sapien urna pretium nisl, ut volutpat sapien arcu sed augue. Aliquam erat volutpat. In congue.', 0, 298, 3, 16, 820, '2020-01-14 03:12:18'),
(206, 'molestie lorem quisque ut erat', 'Nulla facilisi. Cras non velit nec nisi vulputate nonummy. Maecenas tincidunt lacus at velit. Vivamus vel nulla eget eros elementum pellentesque.', 0, 335, 5, 64, 176, '2020-01-05 22:46:22'),
(207, 'interdum mauris', 'Suspendisse potenti. Nullam porttitor lacus at turpis. Donec posuere metus vitae ipsum.', 1, 510, 5, 94, NULL, '2019-10-25 01:25:39'),
(208, 'convallis tortor risus dapibus', 'Pellentesque viverra pede ac diam. Cras pellentesque volutpat dui. Maecenas tristique, est et tempus semper, est quam pharetra magna, ac consequat metus sapien ut nunc.', 0, 277, 3, 50, 167, '2019-11-12 04:25:09'),
(209, 'felis ut', 'Quisque erat eros, viverra eget, congue eget, semper rutrum, nulla. Nunc purus. Phasellus in felis.', 0, 318, 2, 28, 465, '2019-09-07 22:06:56'),
(210, 'blandit lacinia', 'Suspendisse accumsan tortor quis turpis. Sed ante. Vivamus tortor. Duis mattis egestas metus. Aenean fermentum. Donec ut mauris eget massa tempor convallis.', 0, 591, 4, 37, 305, '2019-12-08 12:20:57'),
(211, 'curabitur at ipsum ac tellus semper', 'Praesent blandit. Nam nulla. Integer pede justo, lacinia eget, tincidunt eget, tempus vel, pede. Morbi porttitor lorem id ligula. Suspendisse ornare consequat lectus. In est risus, auctor sed, tristique in, tempus sit amet, sem. Fusce consequat.', 0, 520, 1, 55, 327, '2019-03-08 17:02:13'),
(212, 'nisl ut volutpat sapien arcu sed', 'Nulla facilisi. Cras non velit nec nisi vulputate nonummy. Maecenas tincidunt lacus at velit. Vivamus vel nulla eget eros elementum pellentesque. Quisque porta volutpat erat. Quisque erat eros, viverra eget, congue eget, semper rutrum, nulla. Nunc purus. Phasellus in felis.', 0, 142, 5, 59, 38, '2019-07-29 03:34:18'),
(213, 'nullam orci pede venenatis non sodales sed tincidunt', 'Vivamus tortor. Duis mattis egestas metus. Aenean fermentum.', 0, 216, 5, 100, 335, '2019-10-23 10:06:15'),
(214, 'elementum eu', 'Vestibulum ante ipsum primis in faucibus orci luctus et ultrices posuere cubilia Curae; Mauris viverra diam vitae quam. Suspendisse potenti. Nullam porttitor lacus at turpis. Donec posuere metus vitae ipsum. Aliquam non mauris. Morbi non lectus. Aliquam sit amet diam in magna bibendum imperdiet. Nullam orci pede, venenatis non, sodales sed, tincidunt eu, felis.', 0, 459, 3, 94, 452, '2019-12-04 13:11:50'),
(215, 'aliquam convallis nunc proin at', 'Vivamus vestibulum sagittis sapien. Cum sociis natoque penatibus et magnis dis parturient montes, nascetur ridiculus mus. Etiam vel augue.', 0, 331, 5, 34, 365, '2019-06-09 13:35:57'),
(216, 'proin interdum mauris non', 'Vivamus metus arcu, adipiscing molestie, hendrerit at, vulputate vitae, nisl. Aenean lectus. Pellentesque eget nunc. Donec quis orci eget orci vehicula condimentum.', 0, 365, 5, 14, 694, '2019-03-06 02:13:13'),
(217, 'consequat lectus', 'Curabitur gravida nisi at nibh. In hac habitasse platea dictumst.', 0, 148, 3, 94, 767, '2020-01-03 01:29:31'),
(218, 'vitae nisi nam', 'Nulla nisl. Nunc nisl. Duis bibendum, felis sed interdum venenatis, turpis enim blandit mi, in porttitor pede justo eu massa. Donec dapibus. Duis at velit eu est congue elementum. In hac habitasse platea dictumst.', 0, 152, 2, 21, 350, '2019-05-14 03:54:07'),
(219, 'nunc donec quis orci eget orci', 'In blandit ultrices enim. Lorem ipsum dolor sit amet, consectetuer adipiscing elit. Proin interdum mauris non ligula pellentesque ultrices. Phasellus id sapien in sapien iaculis congue.', 0, 580, 2, 90, 133, '2019-09-26 08:59:09'),
(220, 'magnis dis', 'Nam congue, risus semper porta volutpat, quam pede lobortis ligula, sit amet eleifend pede libero quis orci. Nullam molestie nibh in lectus. Pellentesque at nulla.', 0, 324, 4, 23, 732, '2019-08-03 13:31:41'),
(221, 'tortor sollicitudin mi', 'Etiam justo. Etiam pretium iaculis justo. In hac habitasse platea dictumst. Etiam faucibus cursus urna. Ut tellus. Nulla ut erat id mauris vulputate elementum. Nullam varius.', 0, 385, 1, 54, NULL, '2019-09-07 08:57:05'),
(222, 'primis in faucibus orci luctus et ultrices', 'Phasellus in felis. Donec semper sapien a libero. Nam dui. Proin leo odio, porttitor id, consequat in, consequat ut, nulla.', 0, 487, 3, 16, 735, '2019-10-01 00:02:30'),
(223, 'id nisl venenatis lacinia', 'Ut tellus. Nulla ut erat id mauris vulputate elementum. Nullam varius. Nulla facilisi. Cras non velit nec nisi vulputate nonummy.', 1, 263, 5, 8, NULL, '2019-08-23 12:39:12'),
(224, 'vestibulum velit id pretium iaculis diam erat', 'Quisque porta volutpat erat. Quisque erat eros, viverra eget, congue eget, semper rutrum, nulla.', 0, 512, 5, 84, 457, '2019-03-17 01:21:32'),
(225, 'pede venenatis non sodales', 'In eleifend quam a odio. In hac habitasse platea dictumst. Maecenas ut massa quis augue luctus tincidunt. Nulla mollis molestie lorem.', 1, 528, 3, 23, NULL, '2019-06-08 12:28:10'),
(226, 'potenti cras in purus eu magna vulputate luctus', 'Aliquam erat volutpat. In congue. Etiam justo.', 0, 418, 5, 60, 776, '2019-04-07 07:25:46'),
(227, 'porttitor lorem id ligula suspendisse', 'Cras non velit nec nisi vulputate nonummy. Maecenas tincidunt lacus at velit.', 0, 123, 1, 17, 173, '2020-01-14 01:36:50'),
(228, 'eleifend pede libero quis orci', 'Integer ac neque. Duis bibendum. Morbi non quam nec dui luctus rutrum.', 0, 331, 3, 11, 526, '2019-03-13 06:57:04'),
(229, 'vestibulum sed magna at nunc commodo placerat praesent', 'Vivamus tortor. Duis mattis egestas metus. Aenean fermentum. Donec ut mauris eget massa tempor convallis. Nulla neque libero, convallis eget, eleifend luctus, ultricies eu, nibh. Quisque id justo sit amet sapien dignissim vestibulum. Vestibulum ante ipsum primis in faucibus orci luctus et ultrices posuere cubilia Curae; Nulla dapibus dolor vel est.', 0, 241, 3, 2, 492, '2019-03-25 16:50:04'),
(230, 'nulla eget eros elementum pellentesque', 'Lorem ipsum dolor sit amet, consectetuer adipiscing elit. Proin interdum mauris non ligula pellentesque ultrices. Phasellus id sapien in sapien iaculis congue.', 0, 477, 4, 56, NULL, '2019-12-27 22:06:43'),
(231, 'ultrices aliquet', 'Donec dapibus. Duis at velit eu est congue elementum. In hac habitasse platea dictumst. Morbi vestibulum, velit id pretium iaculis, diam erat fermentum justo, nec condimentum neque sapien placerat ante.', 1, 130, 3, 82, NULL, '2019-12-25 16:36:58'),
(232, 'magna bibendum', 'Etiam pretium iaculis justo. In hac habitasse platea dictumst. Etiam faucibus cursus urna. Ut tellus. Nulla ut erat id mauris vulputate elementum. Nullam varius. Nulla facilisi. Cras non velit nec nisi vulputate nonummy.', 0, 294, 1, 18, NULL, '2019-04-10 08:29:19'),
(233, 'volutpat sapien arcu', 'Donec posuere metus vitae ipsum. Aliquam non mauris. Morbi non lectus. Aliquam sit amet diam in magna bibendum imperdiet. Nullam orci pede, venenatis non, sodales sed, tincidunt eu, felis. Fusce posuere felis sed lacus. Morbi sem mauris, laoreet ut, rhoncus aliquet, pulvinar sed, nisl.', 0, 304, 3, 7, 370, '2019-07-06 13:36:10'),
(234, 'nulla tempus vivamus in felis', 'Vestibulum ante ipsum primis in faucibus orci luctus et ultrices posuere cubilia Curae; Mauris viverra diam vitae quam. Suspendisse potenti. Nullam porttitor lacus at turpis.', 0, 430, 2, 41, 437, '2020-01-17 17:53:45'),
(235, 'ipsum dolor', 'Etiam faucibus cursus urna. Ut tellus. Nulla ut erat id mauris vulputate elementum.', 0, 171, 1, 59, 210, '2019-05-22 04:51:02'),
(236, 'in hac habitasse platea dictumst maecenas ut massa', 'Nullam porttitor lacus at turpis. Donec posuere metus vitae ipsum.', 0, 217, 3, 85, NULL, '2020-01-16 12:55:40'),
(237, 'felis eu sapien cursus', 'Etiam justo. Etiam pretium iaculis justo.', 0, 288, 2, 92, 651, '2019-03-17 08:47:27'),
(238, 'in hac', 'Cras in purus eu magna vulputate luctus. Cum sociis natoque penatibus et magnis dis parturient montes, nascetur ridiculus mus. Vivamus vestibulum sagittis sapien. Cum sociis natoque penatibus et magnis dis parturient montes, nascetur ridiculus mus. Etiam vel augue. Vestibulum rutrum rutrum neque. Aenean auctor gravida sem.', 0, 433, 3, 34, 652, '2019-03-09 08:36:19'),
(239, 'pede justo eu', 'Quisque porta volutpat erat. Quisque erat eros, viverra eget, congue eget, semper rutrum, nulla.', 0, 585, 3, 40, 27, '2020-02-19 01:24:20'),
(240, 'molestie hendrerit at vulputate vitae', 'Nam dui. Proin leo odio, porttitor id, consequat in, consequat ut, nulla. Sed accumsan felis. Ut at dolor quis odio consequat varius. Integer ac leo.', 0, 410, 5, 3, 190, '2019-09-24 16:20:33'),
(241, 'blandit mi in porttitor pede justo', 'Nulla suscipit ligula in lacus. Curabitur at ipsum ac tellus semper interdum. Mauris ullamcorper purus sit amet nulla. Quisque arcu libero, rutrum ac, lobortis vel, dapibus at, diam.', 0, 395, 4, 27, 702, '2019-11-01 14:25:44'),
(242, 'felis ut at dolor quis odio', 'Lorem ipsum dolor sit amet, consectetuer adipiscing elit. Proin interdum mauris non ligula pellentesque ultrices. Phasellus id sapien in sapien iaculis congue. Vivamus metus arcu, adipiscing molestie, hendrerit at, vulputate vitae, nisl. Aenean lectus. Pellentesque eget nunc. Donec quis orci eget orci vehicula condimentum.', 0, 241, 3, 44, 94, '2019-03-31 19:18:58'),
(243, 'mi nulla ac', 'Nam dui. Proin leo odio, porttitor id, consequat in, consequat ut, nulla. Sed accumsan felis. Ut at dolor quis odio consequat varius. Integer ac leo. Pellentesque ultrices mattis odio.', 0, 247, 5, 45, 1000, '2020-02-21 18:55:12'),
(244, 'maecenas leo odio condimentum', 'Proin risus. Praesent lectus.', 0, 223, 1, 29, 487, '2019-03-14 21:58:55'),
(245, 'erat eros viverra', 'Proin interdum mauris non ligula pellentesque ultrices. Phasellus id sapien in sapien iaculis congue. Vivamus metus arcu, adipiscing molestie, hendrerit at, vulputate vitae, nisl.', 0, 405, 1, 85, 868, '2019-03-02 08:06:34'),
(246, 'eget eros elementum pellentesque quisque porta volutpat', 'Nam congue, risus semper porta volutpat, quam pede lobortis ligula, sit amet eleifend pede libero quis orci. Nullam molestie nibh in lectus.', 0, 159, 3, 100, 478, '2019-06-09 05:10:15'),
(247, 'donec ut dolor morbi', 'Curabitur convallis. Duis consequat dui nec nisi volutpat eleifend. Donec ut dolor.', 0, 342, 5, 77, 66, '2019-05-27 08:44:13'),
(248, 'natoque penatibus', 'Nulla nisl. Nunc nisl. Duis bibendum, felis sed interdum venenatis, turpis enim blandit mi, in porttitor pede justo eu massa. Donec dapibus. Duis at velit eu est congue elementum. In hac habitasse platea dictumst. Morbi vestibulum, velit id pretium iaculis, diam erat fermentum justo, nec condimentum neque sapien placerat ante. Nulla justo.', 1, 493, 4, 50, NULL, '2019-12-03 07:14:42'),
(249, 'porttitor id', 'Quisque erat eros, viverra eget, congue eget, semper rutrum, nulla. Nunc purus. Phasellus in felis. Donec semper sapien a libero. Nam dui. Proin leo odio, porttitor id, consequat in, consequat ut, nulla. Sed accumsan felis. Ut at dolor quis odio consequat varius.', 0, 565, 5, 74, 700, '2019-07-11 11:16:19'),
(250, 'sit amet justo morbi ut odio cras', 'Quisque ut erat. Curabitur gravida nisi at nibh. In hac habitasse platea dictumst. Aliquam augue quam, sollicitudin vitae, consectetuer eget, rutrum at, lorem. Integer tincidunt ante vel ipsum. Praesent blandit lacinia erat. Vestibulum sed magna at nunc commodo placerat. Praesent blandit.', 1, 234, 4, 13, NULL, '2019-04-19 17:45:18'),
(251, 'pede morbi porttitor', 'Aenean auctor gravida sem. Praesent id massa id nisl venenatis lacinia.', 0, 172, 4, 26, 916, '2019-05-10 07:29:54'),
(252, 'metus aenean fermentum donec', 'Nullam varius. Nulla facilisi. Cras non velit nec nisi vulputate nonummy. Maecenas tincidunt lacus at velit. Vivamus vel nulla eget eros elementum pellentesque. Quisque porta volutpat erat. Quisque erat eros, viverra eget, congue eget, semper rutrum, nulla.', 1, 600, 5, 2, NULL, '2019-07-19 05:09:05'),
(253, 'accumsan odio curabitur convallis', 'Phasellus id sapien in sapien iaculis congue. Vivamus metus arcu, adipiscing molestie, hendrerit at, vulputate vitae, nisl. Aenean lectus.', 0, 259, 4, 33, 658, '2019-08-29 20:28:48'),
(254, 'in porttitor pede justo eu massa', 'Duis at velit eu est congue elementum. In hac habitasse platea dictumst. Morbi vestibulum, velit id pretium iaculis, diam erat fermentum justo, nec condimentum neque sapien placerat ante. Nulla justo.', 0, 444, 5, 25, 30, '2019-09-15 12:10:03'),
(255, 'semper rutrum nulla nunc purus phasellus in', 'Donec quis orci eget orci vehicula condimentum. Curabitur in libero ut massa volutpat convallis. Morbi odio odio, elementum eu, interdum eu, tincidunt in, leo.', 0, 450, 3, 35, 648, '2019-12-11 15:33:27'),
(256, 'ac nulla sed vel enim sit', 'In hac habitasse platea dictumst. Aliquam augue quam, sollicitudin vitae, consectetuer eget, rutrum at, lorem. Integer tincidunt ante vel ipsum. Praesent blandit lacinia erat.', 0, 278, 2, 17, 471, '2019-09-03 04:55:05'),
(257, 'congue eget semper rutrum nulla', 'Curabitur at ipsum ac tellus semper interdum. Mauris ullamcorper purus sit amet nulla. Quisque arcu libero, rutrum ac, lobortis vel, dapibus at, diam.', 0, 559, 5, 29, 954, '2019-04-01 13:28:22'),
(258, 'dolor quis', 'Suspendisse potenti. Nullam porttitor lacus at turpis. Donec posuere metus vitae ipsum.', 0, 489, 4, 86, 147, '2019-10-28 06:29:27'),
(259, 'metus arcu adipiscing molestie', 'Sed accumsan felis. Ut at dolor quis odio consequat varius. Integer ac leo. Pellentesque ultrices mattis odio. Donec vitae nisi. Nam ultrices, libero non mattis pulvinar, nulla pede ullamcorper augue, a suscipit nulla elit ac nulla. Sed vel enim sit amet nunc viverra dapibus. Nulla suscipit ligula in lacus.', 0, 283, 5, 12, 43, '2019-10-07 13:36:37'),
(260, 'tempor turpis nec euismod', 'Maecenas tincidunt lacus at velit. Vivamus vel nulla eget eros elementum pellentesque. Quisque porta volutpat erat. Quisque erat eros, viverra eget, congue eget, semper rutrum, nulla. Nunc purus. Phasellus in felis. Donec semper sapien a libero. Nam dui.', 0, 242, 4, 72, 653, '2019-04-03 13:53:01'),
(261, 'erat eros viverra eget congue eget', 'Suspendisse accumsan tortor quis turpis. Sed ante. Vivamus tortor. Duis mattis egestas metus. Aenean fermentum. Donec ut mauris eget massa tempor convallis. Nulla neque libero, convallis eget, eleifend luctus, ultricies eu, nibh. Quisque id justo sit amet sapien dignissim vestibulum.', 0, 368, 2, 70, 407, '2019-06-03 20:07:25'),
(262, 'et eros vestibulum ac est lacinia nisi venenatis', 'Morbi vestibulum, velit id pretium iaculis, diam erat fermentum justo, nec condimentum neque sapien placerat ante. Nulla justo.', 0, 145, 1, 29, 858, '2020-01-10 00:47:29'),
(263, 'curae nulla dapibus dolor', 'In sagittis dui vel nisl. Duis ac nibh. Fusce lacus purus, aliquet at, feugiat non, pretium quis, lectus. Suspendisse potenti. In eleifend quam a odio.', 0, 451, 2, 95, 397, '2019-05-08 17:27:27'),
(264, 'nulla eget eros elementum', 'Etiam faucibus cursus urna. Ut tellus. Nulla ut erat id mauris vulputate elementum.', 1, 529, 1, 39, NULL, '2019-03-02 15:39:08'),
(265, 'magna ac', 'Nulla facilisi. Cras non velit nec nisi vulputate nonummy.', 0, 237, 5, 95, 818, '2019-05-10 16:41:39'),
(266, 'turpis nec euismod scelerisque quam turpis adipiscing', 'Nulla neque libero, convallis eget, eleifend luctus, ultricies eu, nibh. Quisque id justo sit amet sapien dignissim vestibulum. Vestibulum ante ipsum primis in faucibus orci luctus et ultrices posuere cubilia Curae; Nulla dapibus dolor vel est. Donec odio justo, sollicitudin ut, suscipit a, feugiat et, eros. Vestibulum ac est lacinia nisi venenatis tristique. Fusce congue, diam id ornare imperdiet, sapien urna pretium nisl, ut volutpat sapien arcu sed augue. Aliquam erat volutpat.', 0, 353, 5, 76, 787, '2020-01-10 04:01:43'),
(267, 'tellus in sagittis dui vel', 'Pellentesque viverra pede ac diam. Cras pellentesque volutpat dui. Maecenas tristique, est et tempus semper, est quam pharetra magna, ac consequat metus sapien ut nunc. Vestibulum ante ipsum primis in faucibus orci luctus et ultrices posuere cubilia Curae; Mauris viverra diam vitae quam. Suspendisse potenti. Nullam porttitor lacus at turpis. Donec posuere metus vitae ipsum. Aliquam non mauris.', 1, 259, 3, 57, NULL, '2019-10-12 19:41:53'),
(268, 'quisque porta volutpat erat quisque erat eros', 'Aliquam sit amet diam in magna bibendum imperdiet. Nullam orci pede, venenatis non, sodales sed, tincidunt eu, felis. Fusce posuere felis sed lacus. Morbi sem mauris, laoreet ut, rhoncus aliquet, pulvinar sed, nisl. Nunc rhoncus dui vel sem.', 0, 500, 1, 12, 58, '2019-08-27 21:23:54'),
(269, 'ornare consequat lectus in est risus', 'Morbi vel lectus in quam fringilla rhoncus. Mauris enim leo, rhoncus sed, vestibulum sit amet, cursus id, turpis. Integer aliquet, massa id lobortis convallis, tortor risus dapibus augue, vel accumsan tellus nisi eu orci.', 0, 508, 2, 59, 148, '2019-11-03 09:26:51'),
(270, 'luctus cum', 'Nam nulla. Integer pede justo, lacinia eget, tincidunt eget, tempus vel, pede. Morbi porttitor lorem id ligula. Suspendisse ornare consequat lectus. In est risus, auctor sed, tristique in, tempus sit amet, sem. Fusce consequat. Nulla nisl. Nunc nisl.', 0, 385, 2, 28, 11, '2019-09-15 18:15:50'),
(271, 'fermentum donec', 'Maecenas tristique, est et tempus semper, est quam pharetra magna, ac consequat metus sapien ut nunc. Vestibulum ante ipsum primis in faucibus orci luctus et ultrices posuere cubilia Curae; Mauris viverra diam vitae quam. Suspendisse potenti. Nullam porttitor lacus at turpis. Donec posuere metus vitae ipsum. Aliquam non mauris.', 1, 169, 2, 43, NULL, '2019-03-19 00:52:51'),
(272, 'felis fusce posuere felis sed lacus morbi sem', 'In sagittis dui vel nisl. Duis ac nibh. Fusce lacus purus, aliquet at, feugiat non, pretium quis, lectus. Suspendisse potenti.', 0, 434, 5, 69, 375, '2019-08-08 16:54:08'),
(273, 'faucibus orci luctus et ultrices', 'Curabitur in libero ut massa volutpat convallis. Morbi odio odio, elementum eu, interdum eu, tincidunt in, leo. Maecenas pulvinar lobortis est. Phasellus sit amet erat.', 0, 101, 3, 46, 931, '2019-04-16 10:21:09'),
(274, 'maecenas ut massa quis', 'Vestibulum ac est lacinia nisi venenatis tristique. Fusce congue, diam id ornare imperdiet, sapien urna pretium nisl, ut volutpat sapien arcu sed augue. Aliquam erat volutpat.', 0, 599, 1, 54, 983, '2019-08-01 19:02:13'),
(275, 'ullamcorper purus sit amet nulla quisque', 'Vestibulum ante ipsum primis in faucibus orci luctus et ultrices posuere cubilia Curae; Nulla dapibus dolor vel est. Donec odio justo, sollicitudin ut, suscipit a, feugiat et, eros. Vestibulum ac est lacinia nisi venenatis tristique. Fusce congue, diam id ornare imperdiet, sapien urna pretium nisl, ut volutpat sapien arcu sed augue. Aliquam erat volutpat.', 0, 315, 2, 11, 860, '2019-10-28 18:55:56'),
(276, 'lacus at velit', 'Integer tincidunt ante vel ipsum. Praesent blandit lacinia erat. Vestibulum sed magna at nunc commodo placerat. Praesent blandit. Nam nulla.', 1, 180, 1, 95, NULL, '2019-05-15 11:57:32'),
(277, 'dui proin leo odio porttitor', 'Morbi porttitor lorem id ligula. Suspendisse ornare consequat lectus.', 0, 176, 1, 93, 193, '2019-04-24 12:31:17'),
(278, 'lacus at turpis donec', 'In congue. Etiam justo. Etiam pretium iaculis justo. In hac habitasse platea dictumst. Etiam faucibus cursus urna. Ut tellus. Nulla ut erat id mauris vulputate elementum.', 0, 590, 2, 15, 931, '2019-04-23 19:01:26'),
(279, 'non pretium quis lectus suspendisse potenti', 'Proin interdum mauris non ligula pellentesque ultrices. Phasellus id sapien in sapien iaculis congue. Vivamus metus arcu, adipiscing molestie, hendrerit at, vulputate vitae, nisl. Aenean lectus. Pellentesque eget nunc. Donec quis orci eget orci vehicula condimentum. Curabitur in libero ut massa volutpat convallis.', 0, 197, 5, 1, NULL, '2019-12-06 09:19:07'),
(280, 'in porttitor pede', 'Morbi sem mauris, laoreet ut, rhoncus aliquet, pulvinar sed, nisl. Nunc rhoncus dui vel sem. Sed sagittis. Nam congue, risus semper porta volutpat, quam pede lobortis ligula, sit amet eleifend pede libero quis orci. Nullam molestie nibh in lectus.', 0, 581, 4, 70, 996, '2019-07-09 16:27:51'),
(281, 'nibh quisque id', 'Vivamus vestibulum sagittis sapien. Cum sociis natoque penatibus et magnis dis parturient montes, nascetur ridiculus mus. Etiam vel augue.', 1, 542, 4, 87, NULL, '2019-10-16 05:45:19'),
(282, 'curae donec', 'Nulla ut erat id mauris vulputate elementum. Nullam varius.', 1, 328, 4, 60, NULL, '2019-10-14 20:52:15'),
(283, 'elementum in hac habitasse platea dictumst', 'Lorem ipsum dolor sit amet, consectetuer adipiscing elit. Proin risus. Praesent lectus. Vestibulum quam sapien, varius ut, blandit non, interdum in, ante. Vestibulum ante ipsum primis in faucibus orci luctus et ultrices posuere cubilia Curae; Duis faucibus accumsan odio. Curabitur convallis.', 0, 197, 3, 58, 902, '2019-03-17 07:45:40'),
(284, 'sit amet justo morbi', 'Sed accumsan felis. Ut at dolor quis odio consequat varius. Integer ac leo. Pellentesque ultrices mattis odio. Donec vitae nisi.', 0, 587, 5, 53, 149, '2019-11-11 03:10:34'),
(285, 'duis aliquam convallis nunc proin at turpis a', 'Nam congue, risus semper porta volutpat, quam pede lobortis ligula, sit amet eleifend pede libero quis orci. Nullam molestie nibh in lectus. Pellentesque at nulla.', 0, 210, 5, 70, 983, '2019-10-01 14:51:59'),
(286, 'adipiscing elit proin interdum', 'Maecenas pulvinar lobortis est. Phasellus sit amet erat.', 1, 494, 1, 45, NULL, '2019-08-05 01:23:21'),
(287, 'in sapien iaculis congue vivamus metus arcu adipiscing', 'Vestibulum sed magna at nunc commodo placerat. Praesent blandit.', 0, 163, 5, 7, 735, '2019-06-17 16:52:30'),
(288, 'nunc proin', 'Donec diam neque, vestibulum eget, vulputate ut, ultrices vel, augue. Vestibulum ante ipsum primis in faucibus orci luctus et ultrices posuere cubilia Curae; Donec pharetra, magna vestibulum aliquet ultrices, erat tortor sollicitudin mi, sit amet lobortis sapien sapien non mi. Integer ac neque. Duis bibendum. Morbi non quam nec dui luctus rutrum. Nulla tellus. In sagittis dui vel nisl.', 0, 539, 3, 36, 241, '2019-09-24 11:12:15'),
(289, 'nam tristique tortor eu pede', 'Proin leo odio, porttitor id, consequat in, consequat ut, nulla. Sed accumsan felis. Ut at dolor quis odio consequat varius. Integer ac leo.', 0, 315, 1, 6, 502, '2019-11-28 09:27:33'),
(290, 'integer ac', 'Morbi ut odio. Cras mi pede, malesuada in, imperdiet et, commodo vulputate, justo. In blandit ultrices enim. Lorem ipsum dolor sit amet, consectetuer adipiscing elit. Proin interdum mauris non ligula pellentesque ultrices. Phasellus id sapien in sapien iaculis congue. Vivamus metus arcu, adipiscing molestie, hendrerit at, vulputate vitae, nisl. Aenean lectus.', 0, 369, 4, 12, 846, '2020-02-06 12:13:42'),
(291, 'aenean fermentum', 'Aliquam erat volutpat. In congue. Etiam justo. Etiam pretium iaculis justo. In hac habitasse platea dictumst. Etiam faucibus cursus urna. Ut tellus. Nulla ut erat id mauris vulputate elementum.', 0, 250, 5, 85, 790, '2019-11-05 01:32:25'),
(292, 'vitae ipsum aliquam', 'Nulla ac enim. In tempor, turpis nec euismod scelerisque, quam turpis adipiscing lorem, vitae mattis nibh ligula nec sem. Duis aliquam convallis nunc. Proin at turpis a pede posuere nonummy. Integer non velit. Donec diam neque, vestibulum eget, vulputate ut, ultrices vel, augue. Vestibulum ante ipsum primis in faucibus orci luctus et ultrices posuere cubilia Curae; Donec pharetra, magna vestibulum aliquet ultrices, erat tortor sollicitudin mi, sit amet lobortis sapien sapien non mi.', 1, 313, 3, 63, NULL, '2019-12-09 04:12:43'),
(293, 'fringilla rhoncus mauris enim leo rhoncus sed', 'Duis ac nibh. Fusce lacus purus, aliquet at, feugiat non, pretium quis, lectus. Suspendisse potenti. In eleifend quam a odio. In hac habitasse platea dictumst. Maecenas ut massa quis augue luctus tincidunt. Nulla mollis molestie lorem. Quisque ut erat.', 1, 576, 2, 7, NULL, '2020-02-22 00:01:24'),
(294, 'eget nunc donec quis orci eget orci vehicula', 'Duis mattis egestas metus. Aenean fermentum. Donec ut mauris eget massa tempor convallis. Nulla neque libero, convallis eget, eleifend luctus, ultricies eu, nibh. Quisque id justo sit amet sapien dignissim vestibulum. Vestibulum ante ipsum primis in faucibus orci luctus et ultrices posuere cubilia Curae; Nulla dapibus dolor vel est.', 0, 136, 5, 90, 982, '2019-04-13 14:07:17'),
(295, 'ante ipsum primis in faucibus orci', 'In hac habitasse platea dictumst. Aliquam augue quam, sollicitudin vitae, consectetuer eget, rutrum at, lorem.', 1, 271, 1, 78, NULL, '2019-09-03 05:49:19'),
(296, 'nonummy integer non velit', 'Maecenas tristique, est et tempus semper, est quam pharetra magna, ac consequat metus sapien ut nunc. Vestibulum ante ipsum primis in faucibus orci luctus et ultrices posuere cubilia Curae; Mauris viverra diam vitae quam. Suspendisse potenti. Nullam porttitor lacus at turpis. Donec posuere metus vitae ipsum.', 0, 471, 4, 26, 579, '2019-11-11 20:56:43'),
(297, 'pede malesuada in imperdiet et commodo vulputate', 'Morbi quis tortor id nulla ultrices aliquet. Maecenas leo odio, condimentum id, luctus nec, molestie sed, justo. Pellentesque viverra pede ac diam. Cras pellentesque volutpat dui. Maecenas tristique, est et tempus semper, est quam pharetra magna, ac consequat metus sapien ut nunc. Vestibulum ante ipsum primis in faucibus orci luctus et ultrices posuere cubilia Curae; Mauris viverra diam vitae quam. Suspendisse potenti.', 0, 565, 4, 88, 917, '2019-12-25 12:48:21'),
(298, 'vitae mattis', 'Phasellus in felis. Donec semper sapien a libero. Nam dui.', 0, 196, 4, 92, 670, '2020-01-09 03:10:28'),
(299, 'turpis eget elit sodales scelerisque mauris sit', 'In congue. Etiam justo. Etiam pretium iaculis justo. In hac habitasse platea dictumst. Etiam faucibus cursus urna. Ut tellus. Nulla ut erat id mauris vulputate elementum. Nullam varius.', 0, 288, 3, 78, 917, '2019-03-15 08:23:36'),
(300, 'ipsum primis in faucibus orci luctus et ultrices', 'Aliquam non mauris. Morbi non lectus.', 0, 414, 5, 28, 873, '2019-05-15 00:04:38'),
(301, 'justo pellentesque viverra pede', 'Aenean sit amet justo. Morbi ut odio.', 0, 516, 2, 73, 868, '2019-06-17 14:47:10'),
(302, 'vel lectus in quam fringilla', 'Maecenas tincidunt lacus at velit. Vivamus vel nulla eget eros elementum pellentesque. Quisque porta volutpat erat. Quisque erat eros, viverra eget, congue eget, semper rutrum, nulla. Nunc purus.', 0, 565, 1, 48, 95, '2019-07-20 20:55:37'),
(303, 'vitae quam suspendisse potenti nullam porttitor', 'Aenean sit amet justo. Morbi ut odio. Cras mi pede, malesuada in, imperdiet et, commodo vulputate, justo. In blandit ultrices enim. Lorem ipsum dolor sit amet, consectetuer adipiscing elit.', 0, 314, 4, 50, NULL, '2019-03-14 03:03:12'),
(304, 'montes nascetur ridiculus', 'Nam ultrices, libero non mattis pulvinar, nulla pede ullamcorper augue, a suscipit nulla elit ac nulla. Sed vel enim sit amet nunc viverra dapibus. Nulla suscipit ligula in lacus. Curabitur at ipsum ac tellus semper interdum. Mauris ullamcorper purus sit amet nulla. Quisque arcu libero, rutrum ac, lobortis vel, dapibus at, diam.', 0, 160, 5, 58, 212, '2019-06-03 10:23:34'),
(305, 'quam turpis adipiscing lorem', 'Cras pellentesque volutpat dui. Maecenas tristique, est et tempus semper, est quam pharetra magna, ac consequat metus sapien ut nunc. Vestibulum ante ipsum primis in faucibus orci luctus et ultrices posuere cubilia Curae; Mauris viverra diam vitae quam. Suspendisse potenti. Nullam porttitor lacus at turpis.', 0, 496, 1, 5, 384, '2019-05-18 21:10:35'),
(306, 'donec diam neque', 'Nulla mollis molestie lorem. Quisque ut erat.', 1, 472, 4, 26, NULL, '2019-05-18 14:38:09'),
(307, 'mauris non', 'Nulla tellus. In sagittis dui vel nisl.', 0, 419, 4, 95, 724, '2020-02-11 20:20:14'),
(308, 'erat tortor sollicitudin mi sit amet', 'Vestibulum ante ipsum primis in faucibus orci luctus et ultrices posuere cubilia Curae; Mauris viverra diam vitae quam. Suspendisse potenti. Nullam porttitor lacus at turpis. Donec posuere metus vitae ipsum. Aliquam non mauris.', 0, 112, 3, 53, 844, '2019-07-21 05:04:10'),
(309, 'amet nulla quisque arcu', 'Nunc purus. Phasellus in felis. Donec semper sapien a libero. Nam dui. Proin leo odio, porttitor id, consequat in, consequat ut, nulla.', 0, 150, 2, 81, 903, '2019-09-01 09:43:59'),
(310, 'sit amet erat nulla tempus vivamus', 'Nulla tellus. In sagittis dui vel nisl.', 0, 450, 4, 62, 682, '2019-04-11 15:36:52'),
(311, 'eu mi nulla ac', 'Suspendisse potenti. Nullam porttitor lacus at turpis. Donec posuere metus vitae ipsum. Aliquam non mauris. Morbi non lectus. Aliquam sit amet diam in magna bibendum imperdiet. Nullam orci pede, venenatis non, sodales sed, tincidunt eu, felis. Fusce posuere felis sed lacus.', 0, 400, 2, 73, 741, '2019-12-17 07:49:26'),
(312, 'molestie sed justo pellentesque', 'Etiam faucibus cursus urna. Ut tellus.', 0, 229, 5, 50, 360, '2019-04-29 05:24:41'),
(313, 'pulvinar nulla', 'Donec quis orci eget orci vehicula condimentum. Curabitur in libero ut massa volutpat convallis. Morbi odio odio, elementum eu, interdum eu, tincidunt in, leo. Maecenas pulvinar lobortis est. Phasellus sit amet erat. Nulla tempus.', 0, 175, 3, 59, 872, '2020-01-01 22:15:02'),
(314, 'amet sapien dignissim', 'Lorem ipsum dolor sit amet, consectetuer adipiscing elit. Proin interdum mauris non ligula pellentesque ultrices.', 0, 437, 3, 45, NULL, '2019-03-16 13:03:37'),
(315, 'elementum eu interdum', 'Cras in purus eu magna vulputate luctus. Cum sociis natoque penatibus et magnis dis parturient montes, nascetur ridiculus mus.', 1, 582, 4, 53, NULL, '2020-01-21 01:44:38'),
(316, 'placerat praesent blandit nam nulla integer', 'Cras non velit nec nisi vulputate nonummy. Maecenas tincidunt lacus at velit. Vivamus vel nulla eget eros elementum pellentesque. Quisque porta volutpat erat.', 0, 119, 2, 100, 133, '2019-05-02 02:07:40'),
(317, 'turpis enim', 'Proin interdum mauris non ligula pellentesque ultrices. Phasellus id sapien in sapien iaculis congue. Vivamus metus arcu, adipiscing molestie, hendrerit at, vulputate vitae, nisl. Aenean lectus. Pellentesque eget nunc. Donec quis orci eget orci vehicula condimentum. Curabitur in libero ut massa volutpat convallis. Morbi odio odio, elementum eu, interdum eu, tincidunt in, leo.', 1, 598, 2, 1, NULL, '2019-05-28 06:38:21'),
(318, 'bibendum morbi non quam nec dui luctus rutrum', 'Pellentesque ultrices mattis odio. Donec vitae nisi. Nam ultrices, libero non mattis pulvinar, nulla pede ullamcorper augue, a suscipit nulla elit ac nulla.', 0, 260, 5, 91, NULL, '2019-08-23 17:31:26'),
(319, 'lorem integer tincidunt ante vel ipsum praesent', 'Cras non velit nec nisi vulputate nonummy. Maecenas tincidunt lacus at velit. Vivamus vel nulla eget eros elementum pellentesque. Quisque porta volutpat erat. Quisque erat eros, viverra eget, congue eget, semper rutrum, nulla. Nunc purus.', 0, 297, 4, 65, 817, '2019-03-02 08:27:18'),
(320, 'ante nulla justo aliquam', 'Aliquam sit amet diam in magna bibendum imperdiet. Nullam orci pede, venenatis non, sodales sed, tincidunt eu, felis. Fusce posuere felis sed lacus. Morbi sem mauris, laoreet ut, rhoncus aliquet, pulvinar sed, nisl. Nunc rhoncus dui vel sem. Sed sagittis. Nam congue, risus semper porta volutpat, quam pede lobortis ligula, sit amet eleifend pede libero quis orci. Nullam molestie nibh in lectus.', 0, 265, 2, 52, 12, '2019-04-10 06:52:17'),
(321, 'pulvinar sed nisl nunc rhoncus', 'Vivamus vel nulla eget eros elementum pellentesque. Quisque porta volutpat erat. Quisque erat eros, viverra eget, congue eget, semper rutrum, nulla. Nunc purus. Phasellus in felis. Donec semper sapien a libero. Nam dui.', 0, 500, 5, 27, 656, '2019-05-22 14:27:18'),
(322, 'ante ipsum primis in faucibus orci luctus et', 'Maecenas leo odio, condimentum id, luctus nec, molestie sed, justo. Pellentesque viverra pede ac diam. Cras pellentesque volutpat dui. Maecenas tristique, est et tempus semper, est quam pharetra magna, ac consequat metus sapien ut nunc. Vestibulum ante ipsum primis in faucibus orci luctus et ultrices posuere cubilia Curae; Mauris viverra diam vitae quam. Suspendisse potenti. Nullam porttitor lacus at turpis. Donec posuere metus vitae ipsum.', 1, 549, 4, 80, NULL, '2019-07-05 03:55:55'),
(323, 'in leo', 'Morbi vestibulum, velit id pretium iaculis, diam erat fermentum justo, nec condimentum neque sapien placerat ante. Nulla justo. Aliquam quis turpis eget elit sodales scelerisque. Mauris sit amet eros.', 1, 283, 4, 26, NULL, '2019-07-12 14:14:55'),
(324, 'nibh ligula nec sem', 'Morbi a ipsum. Integer a nibh. In quis justo.', 1, 571, 5, 84, NULL, '2019-09-10 00:08:56'),
(325, 'duis aliquam convallis nunc proin at', 'Lorem ipsum dolor sit amet, consectetuer adipiscing elit. Proin interdum mauris non ligula pellentesque ultrices. Phasellus id sapien in sapien iaculis congue. Vivamus metus arcu, adipiscing molestie, hendrerit at, vulputate vitae, nisl. Aenean lectus. Pellentesque eget nunc. Donec quis orci eget orci vehicula condimentum.', 1, 408, 3, 36, NULL, '2020-02-15 07:00:36'),
(326, 'in congue etiam justo', 'Nunc purus. Phasellus in felis. Donec semper sapien a libero. Nam dui. Proin leo odio, porttitor id, consequat in, consequat ut, nulla.', 0, 561, 1, 11, 401, '2019-07-21 05:32:05'),
(327, 'consequat dui nec nisi volutpat eleifend donec', 'Praesent lectus. Vestibulum quam sapien, varius ut, blandit non, interdum in, ante. Vestibulum ante ipsum primis in faucibus orci luctus et ultrices posuere cubilia Curae; Duis faucibus accumsan odio. Curabitur convallis. Duis consequat dui nec nisi volutpat eleifend. Donec ut dolor.', 0, 117, 3, 10, 622, '2019-12-15 13:53:37'),
(328, 'eu nibh quisque id justo sit', 'Pellentesque eget nunc. Donec quis orci eget orci vehicula condimentum. Curabitur in libero ut massa volutpat convallis. Morbi odio odio, elementum eu, interdum eu, tincidunt in, leo.', 0, 337, 3, 81, 862, '2020-01-31 00:17:06'),
(329, 'nulla tempus vivamus in felis eu', 'Nulla ut erat id mauris vulputate elementum. Nullam varius. Nulla facilisi. Cras non velit nec nisi vulputate nonummy. Maecenas tincidunt lacus at velit. Vivamus vel nulla eget eros elementum pellentesque. Quisque porta volutpat erat.', 0, 469, 5, 16, 409, '2019-09-09 15:01:24'),
(330, 'mattis odio donec', 'Maecenas leo odio, condimentum id, luctus nec, molestie sed, justo. Pellentesque viverra pede ac diam. Cras pellentesque volutpat dui.', 0, 105, 5, 55, 638, '2019-04-16 03:24:27'),
(331, 'varius integer ac leo pellentesque ultrices mattis', 'Duis at velit eu est congue elementum. In hac habitasse platea dictumst.', 0, 246, 3, 17, 563, '2019-04-28 02:41:06'),
(332, 'nisl ut volutpat sapien arcu sed', 'Duis bibendum, felis sed interdum venenatis, turpis enim blandit mi, in porttitor pede justo eu massa. Donec dapibus. Duis at velit eu est congue elementum. In hac habitasse platea dictumst.', 0, 372, 2, 11, 701, '2019-04-15 17:20:18'),
(333, 'potenti cras in purus eu magna', 'Morbi a ipsum. Integer a nibh. In quis justo. Maecenas rhoncus aliquam lacus. Morbi quis tortor id nulla ultrices aliquet. Maecenas leo odio, condimentum id, luctus nec, molestie sed, justo. Pellentesque viverra pede ac diam.', 1, 398, 3, 88, NULL, '2019-11-05 06:21:07'),
(334, 'diam in', 'Donec ut dolor. Morbi vel lectus in quam fringilla rhoncus. Mauris enim leo, rhoncus sed, vestibulum sit amet, cursus id, turpis.', 0, 410, 1, 5, 985, '2019-05-13 18:59:29'),
(335, 'donec vitae nisi nam ultrices libero non mattis', 'Vivamus tortor. Duis mattis egestas metus. Aenean fermentum. Donec ut mauris eget massa tempor convallis. Nulla neque libero, convallis eget, eleifend luctus, ultricies eu, nibh. Quisque id justo sit amet sapien dignissim vestibulum. Vestibulum ante ipsum primis in faucibus orci luctus et ultrices posuere cubilia Curae; Nulla dapibus dolor vel est.', 0, 245, 2, 27, 262, '2019-09-03 05:46:42'),
(336, 'mattis egestas metus aenean fermentum donec', 'Vestibulum ac est lacinia nisi venenatis tristique. Fusce congue, diam id ornare imperdiet, sapien urna pretium nisl, ut volutpat sapien arcu sed augue. Aliquam erat volutpat.', 0, 276, 5, 40, 791, '2019-03-25 01:27:22'),
(337, 'pharetra magna vestibulum', 'Duis mattis egestas metus. Aenean fermentum. Donec ut mauris eget massa tempor convallis. Nulla neque libero, convallis eget, eleifend luctus, ultricies eu, nibh. Quisque id justo sit amet sapien dignissim vestibulum. Vestibulum ante ipsum primis in faucibus orci luctus et ultrices posuere cubilia Curae; Nulla dapibus dolor vel est. Donec odio justo, sollicitudin ut, suscipit a, feugiat et, eros.', 1, 359, 3, 58, NULL, '2019-05-10 23:51:32'),
(338, 'convallis nunc proin at', 'Morbi a ipsum. Integer a nibh. In quis justo. Maecenas rhoncus aliquam lacus. Morbi quis tortor id nulla ultrices aliquet. Maecenas leo odio, condimentum id, luctus nec, molestie sed, justo. Pellentesque viverra pede ac diam.', 0, 420, 5, 96, 293, '2019-07-15 09:02:23'),
(339, 'ligula nec sem duis', 'Lorem ipsum dolor sit amet, consectetuer adipiscing elit. Proin risus. Praesent lectus. Vestibulum quam sapien, varius ut, blandit non, interdum in, ante. Vestibulum ante ipsum primis in faucibus orci luctus et ultrices posuere cubilia Curae; Duis faucibus accumsan odio. Curabitur convallis. Duis consequat dui nec nisi volutpat eleifend. Donec ut dolor.', 1, 285, 4, 28, NULL, '2019-05-02 12:54:09'),
(340, 'lectus suspendisse potenti', 'Pellentesque ultrices mattis odio. Donec vitae nisi. Nam ultrices, libero non mattis pulvinar, nulla pede ullamcorper augue, a suscipit nulla elit ac nulla. Sed vel enim sit amet nunc viverra dapibus. Nulla suscipit ligula in lacus. Curabitur at ipsum ac tellus semper interdum.', 0, 173, 4, 17, 504, '2019-06-09 10:46:19'),
(341, 'orci luctus et ultrices posuere', 'Nulla ut erat id mauris vulputate elementum. Nullam varius. Nulla facilisi. Cras non velit nec nisi vulputate nonummy. Maecenas tincidunt lacus at velit. Vivamus vel nulla eget eros elementum pellentesque. Quisque porta volutpat erat. Quisque erat eros, viverra eget, congue eget, semper rutrum, nulla.', 1, 529, 1, 99, NULL, '2019-12-21 09:46:19'),
(342, 'est donec odio justo sollicitudin ut suscipit a', 'Ut at dolor quis odio consequat varius. Integer ac leo. Pellentesque ultrices mattis odio. Donec vitae nisi. Nam ultrices, libero non mattis pulvinar, nulla pede ullamcorper augue, a suscipit nulla elit ac nulla. Sed vel enim sit amet nunc viverra dapibus. Nulla suscipit ligula in lacus. Curabitur at ipsum ac tellus semper interdum.', 1, 311, 1, 74, NULL, '2019-04-03 15:46:14'),
(343, 'donec dapibus duis at velit eu', 'Etiam vel augue. Vestibulum rutrum rutrum neque. Aenean auctor gravida sem. Praesent id massa id nisl venenatis lacinia.', 0, 325, 3, 81, NULL, '2019-05-24 17:20:22');
INSERT INTO `posts` (`id`, `title`, `body`, `has_img`, `views`, `category`, `author`, `replying_to`, `creation_date`) VALUES
(344, 'donec vitae nisi nam ultrices', 'Lorem ipsum dolor sit amet, consectetuer adipiscing elit. Proin risus. Praesent lectus. Vestibulum quam sapien, varius ut, blandit non, interdum in, ante. Vestibulum ante ipsum primis in faucibus orci luctus et ultrices posuere cubilia Curae; Duis faucibus accumsan odio.', 0, 142, 3, 9, 649, '2019-12-22 10:03:53'),
(345, 'sit amet', 'Maecenas pulvinar lobortis est. Phasellus sit amet erat.', 0, 220, 1, 76, 182, '2019-06-04 08:36:46'),
(346, 'lorem ipsum dolor sit amet consectetuer adipiscing elit', 'Proin interdum mauris non ligula pellentesque ultrices. Phasellus id sapien in sapien iaculis congue. Vivamus metus arcu, adipiscing molestie, hendrerit at, vulputate vitae, nisl. Aenean lectus. Pellentesque eget nunc. Donec quis orci eget orci vehicula condimentum. Curabitur in libero ut massa volutpat convallis.', 0, 515, 2, 16, 341, '2019-08-15 20:40:37'),
(347, 'condimentum id luctus nec molestie sed justo pellentesque', 'Mauris sit amet eros. Suspendisse accumsan tortor quis turpis. Sed ante. Vivamus tortor. Duis mattis egestas metus. Aenean fermentum. Donec ut mauris eget massa tempor convallis. Nulla neque libero, convallis eget, eleifend luctus, ultricies eu, nibh.', 0, 384, 2, 65, 615, '2019-07-04 03:14:09'),
(348, 'justo lacinia eget tincidunt eget tempus', 'Praesent id massa id nisl venenatis lacinia. Aenean sit amet justo. Morbi ut odio. Cras mi pede, malesuada in, imperdiet et, commodo vulputate, justo. In blandit ultrices enim. Lorem ipsum dolor sit amet, consectetuer adipiscing elit. Proin interdum mauris non ligula pellentesque ultrices. Phasellus id sapien in sapien iaculis congue.', 1, 322, 1, 5, NULL, '2020-02-19 04:43:21'),
(349, 'eget massa', 'Morbi a ipsum. Integer a nibh. In quis justo. Maecenas rhoncus aliquam lacus.', 0, 266, 5, 32, 298, '2020-02-20 16:39:11'),
(350, 'duis faucibus accumsan odio', 'Proin interdum mauris non ligula pellentesque ultrices. Phasellus id sapien in sapien iaculis congue. Vivamus metus arcu, adipiscing molestie, hendrerit at, vulputate vitae, nisl.', 0, 161, 4, 63, 347, '2020-01-15 09:33:26'),
(351, 'sit amet lobortis sapien sapien non mi integer', 'Vivamus metus arcu, adipiscing molestie, hendrerit at, vulputate vitae, nisl. Aenean lectus.', 0, 563, 3, 44, 133, '2019-07-21 03:08:54'),
(352, 'dis parturient montes nascetur ridiculus', 'Vestibulum ante ipsum primis in faucibus orci luctus et ultrices posuere cubilia Curae; Mauris viverra diam vitae quam. Suspendisse potenti.', 0, 499, 3, 97, 654, '2019-10-13 22:31:45'),
(353, 'tortor id', 'Suspendisse potenti. In eleifend quam a odio. In hac habitasse platea dictumst. Maecenas ut massa quis augue luctus tincidunt.', 0, 110, 2, 37, 400, '2019-12-10 01:43:36'),
(354, 'placerat ante nulla justo aliquam quis turpis eget', 'In blandit ultrices enim. Lorem ipsum dolor sit amet, consectetuer adipiscing elit. Proin interdum mauris non ligula pellentesque ultrices. Phasellus id sapien in sapien iaculis congue. Vivamus metus arcu, adipiscing molestie, hendrerit at, vulputate vitae, nisl.', 0, 385, 1, 75, 760, '2019-09-30 06:36:53'),
(355, 'semper rutrum nulla nunc purus phasellus in felis', 'Morbi non quam nec dui luctus rutrum. Nulla tellus. In sagittis dui vel nisl. Duis ac nibh. Fusce lacus purus, aliquet at, feugiat non, pretium quis, lectus. Suspendisse potenti. In eleifend quam a odio.', 0, 352, 1, 26, 458, '2019-07-30 15:23:46'),
(356, 'sollicitudin vitae consectetuer', 'Vivamus vestibulum sagittis sapien. Cum sociis natoque penatibus et magnis dis parturient montes, nascetur ridiculus mus. Etiam vel augue.', 0, 340, 5, 76, 98, '2019-09-30 22:37:47'),
(357, 'integer aliquet massa id lobortis convallis tortor', 'Morbi porttitor lorem id ligula. Suspendisse ornare consequat lectus. In est risus, auctor sed, tristique in, tempus sit amet, sem. Fusce consequat. Nulla nisl. Nunc nisl. Duis bibendum, felis sed interdum venenatis, turpis enim blandit mi, in porttitor pede justo eu massa. Donec dapibus.', 0, 550, 3, 40, 557, '2020-01-10 14:20:52'),
(358, 'nunc donec quis orci', 'Nunc purus. Phasellus in felis. Donec semper sapien a libero. Nam dui. Proin leo odio, porttitor id, consequat in, consequat ut, nulla.', 0, 281, 2, 61, 138, '2019-10-07 01:33:13'),
(359, 'eu orci mauris lacinia', 'In quis justo. Maecenas rhoncus aliquam lacus. Morbi quis tortor id nulla ultrices aliquet. Maecenas leo odio, condimentum id, luctus nec, molestie sed, justo. Pellentesque viverra pede ac diam. Cras pellentesque volutpat dui.', 0, 478, 4, 35, 507, '2020-02-03 05:22:17'),
(360, 'fusce consequat nulla nisl nunc nisl duis', 'Fusce lacus purus, aliquet at, feugiat non, pretium quis, lectus. Suspendisse potenti. In eleifend quam a odio. In hac habitasse platea dictumst. Maecenas ut massa quis augue luctus tincidunt.', 1, 288, 3, 92, NULL, '2019-12-30 13:24:45'),
(361, 'ipsum dolor sit amet consectetuer adipiscing elit proin', 'Ut at dolor quis odio consequat varius. Integer ac leo. Pellentesque ultrices mattis odio. Donec vitae nisi. Nam ultrices, libero non mattis pulvinar, nulla pede ullamcorper augue, a suscipit nulla elit ac nulla. Sed vel enim sit amet nunc viverra dapibus.', 0, 209, 5, 40, 674, '2019-06-16 23:28:31'),
(362, 'iaculis diam erat fermentum', 'Vestibulum ac est lacinia nisi venenatis tristique. Fusce congue, diam id ornare imperdiet, sapien urna pretium nisl, ut volutpat sapien arcu sed augue. Aliquam erat volutpat. In congue. Etiam justo. Etiam pretium iaculis justo. In hac habitasse platea dictumst. Etiam faucibus cursus urna.', 0, 489, 5, 81, 945, '2019-09-30 10:02:01'),
(363, 'parturient montes', 'Vestibulum ante ipsum primis in faucibus orci luctus et ultrices posuere cubilia Curae; Mauris viverra diam vitae quam. Suspendisse potenti. Nullam porttitor lacus at turpis. Donec posuere metus vitae ipsum. Aliquam non mauris. Morbi non lectus.', 0, 303, 2, 58, 175, '2019-07-11 13:19:10'),
(364, 'vulputate ut ultrices', 'Morbi a ipsum. Integer a nibh. In quis justo. Maecenas rhoncus aliquam lacus. Morbi quis tortor id nulla ultrices aliquet. Maecenas leo odio, condimentum id, luctus nec, molestie sed, justo.', 0, 479, 4, 72, 540, '2019-07-29 05:23:26'),
(365, 'sapien urna pretium nisl ut volutpat sapien arcu', 'Vestibulum ante ipsum primis in faucibus orci luctus et ultrices posuere cubilia Curae; Donec pharetra, magna vestibulum aliquet ultrices, erat tortor sollicitudin mi, sit amet lobortis sapien sapien non mi. Integer ac neque.', 0, 336, 2, 21, 426, '2019-06-15 22:36:48'),
(366, 'suspendisse potenti cras in', 'Praesent id massa id nisl venenatis lacinia. Aenean sit amet justo. Morbi ut odio. Cras mi pede, malesuada in, imperdiet et, commodo vulputate, justo. In blandit ultrices enim. Lorem ipsum dolor sit amet, consectetuer adipiscing elit. Proin interdum mauris non ligula pellentesque ultrices. Phasellus id sapien in sapien iaculis congue.', 1, 443, 5, 64, NULL, '2019-12-12 17:39:45'),
(367, 'nonummy integer non', 'Curabitur in libero ut massa volutpat convallis. Morbi odio odio, elementum eu, interdum eu, tincidunt in, leo. Maecenas pulvinar lobortis est. Phasellus sit amet erat. Nulla tempus. Vivamus in felis eu sapien cursus vestibulum. Proin eu mi.', 0, 111, 1, 55, 197, '2020-01-08 21:03:50'),
(368, 'ut ultrices vel augue vestibulum ante ipsum', 'Cras pellentesque volutpat dui. Maecenas tristique, est et tempus semper, est quam pharetra magna, ac consequat metus sapien ut nunc. Vestibulum ante ipsum primis in faucibus orci luctus et ultrices posuere cubilia Curae; Mauris viverra diam vitae quam. Suspendisse potenti. Nullam porttitor lacus at turpis. Donec posuere metus vitae ipsum.', 1, 312, 4, 42, NULL, '2019-04-05 16:35:47'),
(369, 'pretium nisl ut volutpat sapien arcu sed', 'Duis at velit eu est congue elementum. In hac habitasse platea dictumst. Morbi vestibulum, velit id pretium iaculis, diam erat fermentum justo, nec condimentum neque sapien placerat ante. Nulla justo. Aliquam quis turpis eget elit sodales scelerisque. Mauris sit amet eros. Suspendisse accumsan tortor quis turpis. Sed ante.', 1, 441, 5, 35, NULL, '2020-01-21 00:03:29'),
(370, 'integer non velit donec diam', 'Mauris enim leo, rhoncus sed, vestibulum sit amet, cursus id, turpis. Integer aliquet, massa id lobortis convallis, tortor risus dapibus augue, vel accumsan tellus nisi eu orci. Mauris lacinia sapien quis libero. Nullam sit amet turpis elementum ligula vehicula consequat. Morbi a ipsum.', 0, 235, 4, 9, 590, '2019-11-26 19:33:11'),
(371, 'etiam faucibus cursus urna ut tellus nulla', 'Aliquam quis turpis eget elit sodales scelerisque. Mauris sit amet eros. Suspendisse accumsan tortor quis turpis. Sed ante. Vivamus tortor. Duis mattis egestas metus.', 0, 523, 2, 60, 130, '2019-09-29 01:21:58'),
(372, 'ante vivamus tortor duis mattis egestas metus', 'Duis consequat dui nec nisi volutpat eleifend. Donec ut dolor. Morbi vel lectus in quam fringilla rhoncus. Mauris enim leo, rhoncus sed, vestibulum sit amet, cursus id, turpis. Integer aliquet, massa id lobortis convallis, tortor risus dapibus augue, vel accumsan tellus nisi eu orci.', 0, 417, 3, 87, NULL, '2019-06-19 15:30:45'),
(373, 'cubilia curae donec pharetra magna vestibulum aliquet', 'Pellentesque viverra pede ac diam. Cras pellentesque volutpat dui. Maecenas tristique, est et tempus semper, est quam pharetra magna, ac consequat metus sapien ut nunc. Vestibulum ante ipsum primis in faucibus orci luctus et ultrices posuere cubilia Curae; Mauris viverra diam vitae quam. Suspendisse potenti. Nullam porttitor lacus at turpis.', 0, 455, 1, 96, 459, '2019-11-25 04:46:05'),
(374, 'semper sapien', 'Maecenas pulvinar lobortis est. Phasellus sit amet erat. Nulla tempus. Vivamus in felis eu sapien cursus vestibulum. Proin eu mi. Nulla ac enim. In tempor, turpis nec euismod scelerisque, quam turpis adipiscing lorem, vitae mattis nibh ligula nec sem. Duis aliquam convallis nunc.', 1, 473, 5, 9, NULL, '2019-08-07 23:48:02'),
(375, 'justo lacinia eget tincidunt eget tempus vel', 'Nulla neque libero, convallis eget, eleifend luctus, ultricies eu, nibh. Quisque id justo sit amet sapien dignissim vestibulum. Vestibulum ante ipsum primis in faucibus orci luctus et ultrices posuere cubilia Curae; Nulla dapibus dolor vel est. Donec odio justo, sollicitudin ut, suscipit a, feugiat et, eros.', 0, 268, 5, 36, 361, '2019-05-26 04:50:48'),
(376, 'mattis pulvinar nulla pede ullamcorper', 'Duis at velit eu est congue elementum. In hac habitasse platea dictumst. Morbi vestibulum, velit id pretium iaculis, diam erat fermentum justo, nec condimentum neque sapien placerat ante. Nulla justo. Aliquam quis turpis eget elit sodales scelerisque. Mauris sit amet eros. Suspendisse accumsan tortor quis turpis. Sed ante.', 0, 273, 4, 10, 826, '2020-02-07 16:06:49'),
(377, 'congue risus semper porta', 'Donec dapibus. Duis at velit eu est congue elementum. In hac habitasse platea dictumst.', 0, 290, 4, 57, 974, '2019-03-19 06:01:13'),
(378, 'massa volutpat convallis', 'Vivamus vel nulla eget eros elementum pellentesque. Quisque porta volutpat erat. Quisque erat eros, viverra eget, congue eget, semper rutrum, nulla.', 0, 548, 3, 26, 632, '2019-10-07 01:23:45'),
(379, 'et tempus semper est quam pharetra', 'In sagittis dui vel nisl. Duis ac nibh. Fusce lacus purus, aliquet at, feugiat non, pretium quis, lectus. Suspendisse potenti.', 0, 528, 3, 24, 389, '2020-01-31 20:31:45'),
(380, 'non mauris morbi non lectus aliquam sit amet', 'Vestibulum ante ipsum primis in faucibus orci luctus et ultrices posuere cubilia Curae; Duis faucibus accumsan odio. Curabitur convallis. Duis consequat dui nec nisi volutpat eleifend.', 0, 302, 2, 68, 850, '2019-12-12 22:59:12'),
(381, 'aenean sit amet justo morbi ut', 'Duis aliquam convallis nunc. Proin at turpis a pede posuere nonummy. Integer non velit. Donec diam neque, vestibulum eget, vulputate ut, ultrices vel, augue. Vestibulum ante ipsum primis in faucibus orci luctus et ultrices posuere cubilia Curae; Donec pharetra, magna vestibulum aliquet ultrices, erat tortor sollicitudin mi, sit amet lobortis sapien sapien non mi.', 1, 100, 4, 39, NULL, '2019-06-22 20:00:20'),
(382, 'libero convallis eget eleifend', 'Vivamus metus arcu, adipiscing molestie, hendrerit at, vulputate vitae, nisl. Aenean lectus. Pellentesque eget nunc.', 0, 498, 5, 41, 372, '2019-12-22 11:23:59'),
(383, 'ultrices mattis odio donec vitae nisi', 'Proin eu mi. Nulla ac enim. In tempor, turpis nec euismod scelerisque, quam turpis adipiscing lorem, vitae mattis nibh ligula nec sem. Duis aliquam convallis nunc. Proin at turpis a pede posuere nonummy.', 0, 546, 5, 38, NULL, '2019-10-25 18:01:18'),
(384, 'nec nisi vulputate', 'Donec dapibus. Duis at velit eu est congue elementum.', 0, 196, 1, 7, NULL, '2020-01-18 11:47:31'),
(385, 'quis orci nullam molestie', 'Sed sagittis. Nam congue, risus semper porta volutpat, quam pede lobortis ligula, sit amet eleifend pede libero quis orci.', 0, 524, 5, 93, 11, '2019-05-23 12:16:14'),
(386, 'nulla ac enim in', 'Nam congue, risus semper porta volutpat, quam pede lobortis ligula, sit amet eleifend pede libero quis orci. Nullam molestie nibh in lectus. Pellentesque at nulla. Suspendisse potenti. Cras in purus eu magna vulputate luctus.', 0, 109, 4, 80, 201, '2019-06-04 18:20:56'),
(387, 'dolor morbi vel lectus', 'Etiam pretium iaculis justo. In hac habitasse platea dictumst. Etiam faucibus cursus urna. Ut tellus.', 0, 286, 3, 2, NULL, '2020-01-08 02:47:09'),
(388, 'orci vehicula condimentum curabitur in libero', 'Suspendisse ornare consequat lectus. In est risus, auctor sed, tristique in, tempus sit amet, sem. Fusce consequat. Nulla nisl. Nunc nisl.', 1, 443, 2, 42, NULL, '2020-02-20 16:26:41'),
(389, 'pellentesque quisque porta volutpat erat quisque erat eros', 'Pellentesque ultrices mattis odio. Donec vitae nisi. Nam ultrices, libero non mattis pulvinar, nulla pede ullamcorper augue, a suscipit nulla elit ac nulla. Sed vel enim sit amet nunc viverra dapibus. Nulla suscipit ligula in lacus. Curabitur at ipsum ac tellus semper interdum.', 0, 365, 3, 67, 423, '2019-07-18 14:02:56'),
(390, 'nec dui luctus rutrum nulla tellus', 'Nullam sit amet turpis elementum ligula vehicula consequat. Morbi a ipsum.', 0, 290, 2, 100, NULL, '2020-02-13 00:35:04'),
(391, 'mauris vulputate elementum nullam varius nulla facilisi', 'Suspendisse potenti. In eleifend quam a odio. In hac habitasse platea dictumst. Maecenas ut massa quis augue luctus tincidunt.', 0, 476, 3, 69, 345, '2019-07-02 08:27:49'),
(392, 'leo odio porttitor id', 'Integer tincidunt ante vel ipsum. Praesent blandit lacinia erat. Vestibulum sed magna at nunc commodo placerat. Praesent blandit. Nam nulla. Integer pede justo, lacinia eget, tincidunt eget, tempus vel, pede. Morbi porttitor lorem id ligula. Suspendisse ornare consequat lectus.', 0, 187, 5, 76, NULL, '2019-12-14 11:43:35'),
(393, 'sit amet eleifend pede libero quis orci nullam', 'Aenean lectus. Pellentesque eget nunc. Donec quis orci eget orci vehicula condimentum. Curabitur in libero ut massa volutpat convallis. Morbi odio odio, elementum eu, interdum eu, tincidunt in, leo. Maecenas pulvinar lobortis est. Phasellus sit amet erat.', 0, 487, 2, 53, 815, '2019-04-18 21:10:00'),
(394, 'sit amet consectetuer', 'Donec vitae nisi. Nam ultrices, libero non mattis pulvinar, nulla pede ullamcorper augue, a suscipit nulla elit ac nulla. Sed vel enim sit amet nunc viverra dapibus. Nulla suscipit ligula in lacus. Curabitur at ipsum ac tellus semper interdum. Mauris ullamcorper purus sit amet nulla.', 0, 409, 4, 53, 221, '2020-01-21 05:29:16'),
(395, 'ut nunc vestibulum', 'Integer tincidunt ante vel ipsum. Praesent blandit lacinia erat. Vestibulum sed magna at nunc commodo placerat. Praesent blandit. Nam nulla. Integer pede justo, lacinia eget, tincidunt eget, tempus vel, pede. Morbi porttitor lorem id ligula. Suspendisse ornare consequat lectus.', 0, 358, 5, 96, 244, '2019-12-14 20:33:42'),
(396, 'est phasellus sit amet erat', 'Aliquam non mauris. Morbi non lectus. Aliquam sit amet diam in magna bibendum imperdiet.', 0, 318, 5, 71, 292, '2019-07-07 22:06:07'),
(397, 'non velit nec', 'Nulla justo. Aliquam quis turpis eget elit sodales scelerisque. Mauris sit amet eros. Suspendisse accumsan tortor quis turpis. Sed ante.', 1, 212, 3, 45, NULL, '2019-10-10 17:45:18'),
(398, 'eros vestibulum ac est lacinia', 'In tempor, turpis nec euismod scelerisque, quam turpis adipiscing lorem, vitae mattis nibh ligula nec sem. Duis aliquam convallis nunc. Proin at turpis a pede posuere nonummy. Integer non velit.', 0, 470, 3, 61, NULL, '2019-08-13 20:10:12'),
(399, 'pellentesque ultrices phasellus id sapien in', 'Integer aliquet, massa id lobortis convallis, tortor risus dapibus augue, vel accumsan tellus nisi eu orci. Mauris lacinia sapien quis libero. Nullam sit amet turpis elementum ligula vehicula consequat. Morbi a ipsum. Integer a nibh. In quis justo.', 0, 379, 4, 17, 523, '2019-06-27 18:12:12'),
(400, 'amet sapien dignissim vestibulum', 'Nulla ac enim. In tempor, turpis nec euismod scelerisque, quam turpis adipiscing lorem, vitae mattis nibh ligula nec sem. Duis aliquam convallis nunc. Proin at turpis a pede posuere nonummy. Integer non velit. Donec diam neque, vestibulum eget, vulputate ut, ultrices vel, augue. Vestibulum ante ipsum primis in faucibus orci luctus et ultrices posuere cubilia Curae; Donec pharetra, magna vestibulum aliquet ultrices, erat tortor sollicitudin mi, sit amet lobortis sapien sapien non mi. Integer ac neque.', 0, 593, 3, 29, 177, '2019-07-25 00:27:40'),
(401, 'nunc rhoncus dui vel sem', 'Morbi porttitor lorem id ligula. Suspendisse ornare consequat lectus. In est risus, auctor sed, tristique in, tempus sit amet, sem.', 0, 218, 2, 84, 907, '2019-06-26 21:24:31'),
(402, 'augue quam sollicitudin vitae consectetuer eget', 'Morbi ut odio. Cras mi pede, malesuada in, imperdiet et, commodo vulputate, justo. In blandit ultrices enim.', 1, 547, 1, 83, NULL, '2020-01-21 16:45:43'),
(403, 'odio curabitur', 'Nam dui. Proin leo odio, porttitor id, consequat in, consequat ut, nulla. Sed accumsan felis. Ut at dolor quis odio consequat varius. Integer ac leo. Pellentesque ultrices mattis odio.', 0, 517, 3, 81, 735, '2020-02-23 11:15:43'),
(404, 'consequat dui', 'Donec semper sapien a libero. Nam dui. Proin leo odio, porttitor id, consequat in, consequat ut, nulla.', 0, 534, 2, 1, 362, '2019-07-17 06:32:45'),
(405, 'velit nec nisi', 'Quisque erat eros, viverra eget, congue eget, semper rutrum, nulla. Nunc purus. Phasellus in felis.', 0, 349, 2, 62, 77, '2019-09-14 10:51:31'),
(406, 'posuere cubilia curae mauris viverra', 'Morbi sem mauris, laoreet ut, rhoncus aliquet, pulvinar sed, nisl. Nunc rhoncus dui vel sem. Sed sagittis. Nam congue, risus semper porta volutpat, quam pede lobortis ligula, sit amet eleifend pede libero quis orci. Nullam molestie nibh in lectus. Pellentesque at nulla. Suspendisse potenti.', 0, 241, 2, 12, NULL, '2019-06-07 19:38:29'),
(407, 'tortor id nulla', 'Sed sagittis. Nam congue, risus semper porta volutpat, quam pede lobortis ligula, sit amet eleifend pede libero quis orci. Nullam molestie nibh in lectus. Pellentesque at nulla. Suspendisse potenti.', 0, 523, 1, 10, 545, '2019-03-19 04:47:43'),
(408, 'odio condimentum id luctus nec molestie', 'Duis aliquam convallis nunc. Proin at turpis a pede posuere nonummy. Integer non velit. Donec diam neque, vestibulum eget, vulputate ut, ultrices vel, augue. Vestibulum ante ipsum primis in faucibus orci luctus et ultrices posuere cubilia Curae; Donec pharetra, magna vestibulum aliquet ultrices, erat tortor sollicitudin mi, sit amet lobortis sapien sapien non mi. Integer ac neque. Duis bibendum. Morbi non quam nec dui luctus rutrum.', 0, 479, 2, 47, 401, '2019-07-19 23:09:23'),
(409, 'odio donec vitae nisi nam ultrices libero non', 'Etiam justo. Etiam pretium iaculis justo. In hac habitasse platea dictumst. Etiam faucibus cursus urna. Ut tellus. Nulla ut erat id mauris vulputate elementum. Nullam varius.', 0, 202, 4, 68, 6, '2019-02-26 21:51:52'),
(410, 'venenatis turpis enim', 'Duis mattis egestas metus. Aenean fermentum. Donec ut mauris eget massa tempor convallis. Nulla neque libero, convallis eget, eleifend luctus, ultricies eu, nibh.', 0, 126, 3, 8, 535, '2019-11-03 19:20:21'),
(411, 'lacinia nisi', 'Nulla mollis molestie lorem. Quisque ut erat. Curabitur gravida nisi at nibh. In hac habitasse platea dictumst. Aliquam augue quam, sollicitudin vitae, consectetuer eget, rutrum at, lorem. Integer tincidunt ante vel ipsum.', 0, 230, 4, 60, 294, '2019-11-12 05:09:50'),
(412, 'congue vivamus metus arcu adipiscing molestie hendrerit', 'Integer tincidunt ante vel ipsum. Praesent blandit lacinia erat. Vestibulum sed magna at nunc commodo placerat. Praesent blandit.', 0, 226, 3, 68, 445, '2019-09-18 11:04:44'),
(413, 'imperdiet et commodo vulputate justo in', 'Duis bibendum. Morbi non quam nec dui luctus rutrum. Nulla tellus. In sagittis dui vel nisl. Duis ac nibh. Fusce lacus purus, aliquet at, feugiat non, pretium quis, lectus. Suspendisse potenti. In eleifend quam a odio.', 0, 300, 5, 57, 755, '2019-06-28 18:26:01'),
(414, 'nec nisi vulputate nonummy', 'Vestibulum rutrum rutrum neque. Aenean auctor gravida sem.', 0, 120, 5, 74, 336, '2019-04-05 05:02:48'),
(415, 'vel nulla eget', 'Vestibulum ac est lacinia nisi venenatis tristique. Fusce congue, diam id ornare imperdiet, sapien urna pretium nisl, ut volutpat sapien arcu sed augue. Aliquam erat volutpat. In congue. Etiam justo.', 0, 562, 2, 77, NULL, '2019-05-25 17:37:15'),
(416, 'sit amet lobortis sapien', 'Aliquam sit amet diam in magna bibendum imperdiet. Nullam orci pede, venenatis non, sodales sed, tincidunt eu, felis. Fusce posuere felis sed lacus. Morbi sem mauris, laoreet ut, rhoncus aliquet, pulvinar sed, nisl. Nunc rhoncus dui vel sem. Sed sagittis. Nam congue, risus semper porta volutpat, quam pede lobortis ligula, sit amet eleifend pede libero quis orci. Nullam molestie nibh in lectus.', 0, 560, 3, 6, 986, '2019-06-08 13:33:53'),
(417, 'faucibus orci luctus', 'Cras mi pede, malesuada in, imperdiet et, commodo vulputate, justo. In blandit ultrices enim. Lorem ipsum dolor sit amet, consectetuer adipiscing elit. Proin interdum mauris non ligula pellentesque ultrices. Phasellus id sapien in sapien iaculis congue. Vivamus metus arcu, adipiscing molestie, hendrerit at, vulputate vitae, nisl.', 0, 298, 2, 8, 504, '2019-11-01 06:38:08'),
(418, 'mauris eget massa tempor convallis nulla', 'Nam nulla. Integer pede justo, lacinia eget, tincidunt eget, tempus vel, pede. Morbi porttitor lorem id ligula. Suspendisse ornare consequat lectus. In est risus, auctor sed, tristique in, tempus sit amet, sem. Fusce consequat. Nulla nisl.', 0, 464, 3, 14, 93, '2019-12-13 22:03:41'),
(419, 'mauris morbi non lectus aliquam sit amet', 'In congue. Etiam justo. Etiam pretium iaculis justo. In hac habitasse platea dictumst.', 0, 187, 4, 15, 451, '2019-10-13 16:00:28'),
(420, 'risus semper porta', 'Nullam orci pede, venenatis non, sodales sed, tincidunt eu, felis. Fusce posuere felis sed lacus. Morbi sem mauris, laoreet ut, rhoncus aliquet, pulvinar sed, nisl. Nunc rhoncus dui vel sem. Sed sagittis.', 0, 123, 1, 44, 713, '2019-04-09 00:28:53'),
(421, 'dignissim vestibulum vestibulum ante', 'Maecenas leo odio, condimentum id, luctus nec, molestie sed, justo. Pellentesque viverra pede ac diam.', 0, 215, 4, 93, 216, '2020-01-22 22:23:03'),
(422, 'a libero nam dui proin leo', 'Morbi non quam nec dui luctus rutrum. Nulla tellus. In sagittis dui vel nisl.', 0, 102, 4, 59, 189, '2019-09-18 01:25:47'),
(423, 'ut suscipit a feugiat', 'Aenean lectus. Pellentesque eget nunc. Donec quis orci eget orci vehicula condimentum. Curabitur in libero ut massa volutpat convallis. Morbi odio odio, elementum eu, interdum eu, tincidunt in, leo. Maecenas pulvinar lobortis est. Phasellus sit amet erat.', 1, 428, 3, 59, NULL, '2019-06-09 21:36:07'),
(424, 'vestibulum sit amet cursus id turpis integer', 'Vivamus metus arcu, adipiscing molestie, hendrerit at, vulputate vitae, nisl. Aenean lectus. Pellentesque eget nunc. Donec quis orci eget orci vehicula condimentum. Curabitur in libero ut massa volutpat convallis. Morbi odio odio, elementum eu, interdum eu, tincidunt in, leo.', 0, 433, 3, 85, 767, '2019-09-13 13:49:06'),
(425, 'faucibus orci luctus et', 'Morbi non quam nec dui luctus rutrum. Nulla tellus. In sagittis dui vel nisl. Duis ac nibh. Fusce lacus purus, aliquet at, feugiat non, pretium quis, lectus. Suspendisse potenti. In eleifend quam a odio.', 0, 182, 2, 4, 787, '2019-10-07 05:44:57'),
(426, 'orci eget orci vehicula', 'Suspendisse potenti. In eleifend quam a odio. In hac habitasse platea dictumst. Maecenas ut massa quis augue luctus tincidunt. Nulla mollis molestie lorem. Quisque ut erat. Curabitur gravida nisi at nibh.', 0, 567, 5, 62, 439, '2019-12-05 08:17:02'),
(427, 'sed interdum venenatis turpis enim blandit mi in', 'Pellentesque ultrices mattis odio. Donec vitae nisi. Nam ultrices, libero non mattis pulvinar, nulla pede ullamcorper augue, a suscipit nulla elit ac nulla. Sed vel enim sit amet nunc viverra dapibus. Nulla suscipit ligula in lacus.', 0, 457, 3, 19, 409, '2019-09-24 11:17:03'),
(428, 'vel pede morbi porttitor', 'In tempor, turpis nec euismod scelerisque, quam turpis adipiscing lorem, vitae mattis nibh ligula nec sem. Duis aliquam convallis nunc. Proin at turpis a pede posuere nonummy.', 0, 204, 2, 86, 724, '2019-05-25 00:39:56'),
(429, 'molestie sed justo', 'Nullam porttitor lacus at turpis. Donec posuere metus vitae ipsum. Aliquam non mauris. Morbi non lectus. Aliquam sit amet diam in magna bibendum imperdiet. Nullam orci pede, venenatis non, sodales sed, tincidunt eu, felis. Fusce posuere felis sed lacus. Morbi sem mauris, laoreet ut, rhoncus aliquet, pulvinar sed, nisl.', 0, 255, 4, 17, 635, '2019-12-20 22:28:02'),
(430, 'lorem ipsum dolor sit amet consectetuer adipiscing', 'Nulla tempus. Vivamus in felis eu sapien cursus vestibulum. Proin eu mi. Nulla ac enim. In tempor, turpis nec euismod scelerisque, quam turpis adipiscing lorem, vitae mattis nibh ligula nec sem. Duis aliquam convallis nunc. Proin at turpis a pede posuere nonummy. Integer non velit.', 0, 187, 5, 32, 232, '2019-10-02 01:05:21'),
(431, 'semper porta volutpat', 'Morbi odio odio, elementum eu, interdum eu, tincidunt in, leo. Maecenas pulvinar lobortis est. Phasellus sit amet erat.', 0, 386, 1, 30, 828, '2019-06-09 23:55:41'),
(432, 'in lacus curabitur at ipsum ac tellus semper', 'Mauris lacinia sapien quis libero. Nullam sit amet turpis elementum ligula vehicula consequat. Morbi a ipsum. Integer a nibh. In quis justo.', 0, 333, 3, 79, 936, '2019-07-13 04:37:54'),
(433, 'amet turpis elementum ligula vehicula consequat morbi', 'Morbi ut odio. Cras mi pede, malesuada in, imperdiet et, commodo vulputate, justo. In blandit ultrices enim. Lorem ipsum dolor sit amet, consectetuer adipiscing elit. Proin interdum mauris non ligula pellentesque ultrices.', 0, 561, 2, 17, 979, '2019-06-25 07:11:06'),
(434, 'volutpat eleifend donec ut dolor morbi vel lectus', 'In sagittis dui vel nisl. Duis ac nibh. Fusce lacus purus, aliquet at, feugiat non, pretium quis, lectus. Suspendisse potenti. In eleifend quam a odio. In hac habitasse platea dictumst. Maecenas ut massa quis augue luctus tincidunt. Nulla mollis molestie lorem.', 0, 561, 3, 32, 945, '2019-12-23 19:06:51'),
(435, 'consequat metus sapien ut nunc', 'Vivamus tortor. Duis mattis egestas metus. Aenean fermentum.', 0, 352, 2, 66, NULL, '2019-10-28 17:08:55'),
(436, 'ac tellus semper interdum', 'Nam congue, risus semper porta volutpat, quam pede lobortis ligula, sit amet eleifend pede libero quis orci. Nullam molestie nibh in lectus. Pellentesque at nulla. Suspendisse potenti. Cras in purus eu magna vulputate luctus. Cum sociis natoque penatibus et magnis dis parturient montes, nascetur ridiculus mus.', 0, 112, 2, 1, 253, '2019-11-28 23:32:24'),
(437, 'tortor quis turpis sed ante vivamus tortor', 'Morbi odio odio, elementum eu, interdum eu, tincidunt in, leo. Maecenas pulvinar lobortis est. Phasellus sit amet erat. Nulla tempus.', 1, 418, 4, 87, NULL, '2019-06-04 05:38:10'),
(438, 'tincidunt eget tempus vel pede morbi porttitor', 'In eleifend quam a odio. In hac habitasse platea dictumst. Maecenas ut massa quis augue luctus tincidunt. Nulla mollis molestie lorem. Quisque ut erat. Curabitur gravida nisi at nibh. In hac habitasse platea dictumst. Aliquam augue quam, sollicitudin vitae, consectetuer eget, rutrum at, lorem.', 0, 427, 1, 44, 13, '2019-05-14 22:01:07'),
(439, 'iaculis diam erat', 'Praesent id massa id nisl venenatis lacinia. Aenean sit amet justo. Morbi ut odio. Cras mi pede, malesuada in, imperdiet et, commodo vulputate, justo.', 0, 333, 4, 34, 752, '2020-01-26 02:57:19'),
(440, 'ut tellus nulla ut', 'Aliquam erat volutpat. In congue. Etiam justo. Etiam pretium iaculis justo. In hac habitasse platea dictumst. Etiam faucibus cursus urna.', 0, 425, 3, 6, 634, '2019-06-10 10:57:48'),
(441, 'venenatis lacinia aenean', 'Proin risus. Praesent lectus. Vestibulum quam sapien, varius ut, blandit non, interdum in, ante. Vestibulum ante ipsum primis in faucibus orci luctus et ultrices posuere cubilia Curae; Duis faucibus accumsan odio. Curabitur convallis. Duis consequat dui nec nisi volutpat eleifend. Donec ut dolor. Morbi vel lectus in quam fringilla rhoncus.', 0, 208, 5, 55, 558, '2019-11-21 06:17:41'),
(442, 'viverra dapibus', 'Nullam orci pede, venenatis non, sodales sed, tincidunt eu, felis. Fusce posuere felis sed lacus. Morbi sem mauris, laoreet ut, rhoncus aliquet, pulvinar sed, nisl. Nunc rhoncus dui vel sem. Sed sagittis. Nam congue, risus semper porta volutpat, quam pede lobortis ligula, sit amet eleifend pede libero quis orci.', 0, 548, 1, 31, 79, '2019-04-12 10:40:32'),
(443, 'morbi non quam nec', 'Etiam faucibus cursus urna. Ut tellus. Nulla ut erat id mauris vulputate elementum. Nullam varius. Nulla facilisi. Cras non velit nec nisi vulputate nonummy.', 0, 254, 4, 22, 944, '2019-04-14 12:11:27'),
(444, 'vestibulum ante ipsum primis', 'Morbi a ipsum. Integer a nibh. In quis justo. Maecenas rhoncus aliquam lacus. Morbi quis tortor id nulla ultrices aliquet. Maecenas leo odio, condimentum id, luctus nec, molestie sed, justo. Pellentesque viverra pede ac diam.', 0, 123, 3, 82, 106, '2020-01-31 09:48:23'),
(445, 'amet justo morbi ut odio', 'Morbi a ipsum. Integer a nibh. In quis justo. Maecenas rhoncus aliquam lacus. Morbi quis tortor id nulla ultrices aliquet. Maecenas leo odio, condimentum id, luctus nec, molestie sed, justo. Pellentesque viverra pede ac diam. Cras pellentesque volutpat dui.', 0, 444, 1, 33, 51, '2019-05-16 07:09:06'),
(446, 'in hac habitasse platea dictumst', 'Quisque id justo sit amet sapien dignissim vestibulum. Vestibulum ante ipsum primis in faucibus orci luctus et ultrices posuere cubilia Curae; Nulla dapibus dolor vel est. Donec odio justo, sollicitudin ut, suscipit a, feugiat et, eros. Vestibulum ac est lacinia nisi venenatis tristique. Fusce congue, diam id ornare imperdiet, sapien urna pretium nisl, ut volutpat sapien arcu sed augue. Aliquam erat volutpat. In congue.', 0, 346, 5, 14, 667, '2019-11-29 00:43:28'),
(447, 'erat quisque erat eros viverra eget congue', 'Integer non velit. Donec diam neque, vestibulum eget, vulputate ut, ultrices vel, augue. Vestibulum ante ipsum primis in faucibus orci luctus et ultrices posuere cubilia Curae; Donec pharetra, magna vestibulum aliquet ultrices, erat tortor sollicitudin mi, sit amet lobortis sapien sapien non mi. Integer ac neque. Duis bibendum. Morbi non quam nec dui luctus rutrum. Nulla tellus. In sagittis dui vel nisl.', 0, 249, 2, 96, 781, '2019-08-19 00:05:56'),
(448, 'blandit lacinia erat vestibulum', 'Suspendisse accumsan tortor quis turpis. Sed ante. Vivamus tortor. Duis mattis egestas metus. Aenean fermentum. Donec ut mauris eget massa tempor convallis.', 0, 105, 3, 90, 266, '2019-05-05 23:47:30'),
(449, 'quam a odio in', 'Sed sagittis. Nam congue, risus semper porta volutpat, quam pede lobortis ligula, sit amet eleifend pede libero quis orci. Nullam molestie nibh in lectus.', 0, 304, 1, 45, 458, '2019-10-31 01:08:10'),
(450, 'volutpat quam pede lobortis ligula sit amet', 'Duis at velit eu est congue elementum. In hac habitasse platea dictumst. Morbi vestibulum, velit id pretium iaculis, diam erat fermentum justo, nec condimentum neque sapien placerat ante. Nulla justo. Aliquam quis turpis eget elit sodales scelerisque.', 0, 351, 4, 68, 329, '2020-02-21 23:11:49'),
(451, 'ipsum primis in faucibus', 'Ut tellus. Nulla ut erat id mauris vulputate elementum. Nullam varius. Nulla facilisi.', 0, 145, 4, 45, 494, '2019-10-08 00:02:14'),
(452, 'urna ut tellus nulla ut', 'Vestibulum ante ipsum primis in faucibus orci luctus et ultrices posuere cubilia Curae; Nulla dapibus dolor vel est. Donec odio justo, sollicitudin ut, suscipit a, feugiat et, eros. Vestibulum ac est lacinia nisi venenatis tristique. Fusce congue, diam id ornare imperdiet, sapien urna pretium nisl, ut volutpat sapien arcu sed augue. Aliquam erat volutpat. In congue. Etiam justo.', 0, 183, 2, 19, 220, '2019-04-12 20:31:04'),
(453, 'augue vestibulum ante ipsum primis in faucibus', 'Nulla neque libero, convallis eget, eleifend luctus, ultricies eu, nibh. Quisque id justo sit amet sapien dignissim vestibulum.', 0, 581, 3, 70, 469, '2019-04-12 23:29:12'),
(454, 'ultrices vel augue vestibulum ante', 'Vestibulum rutrum rutrum neque. Aenean auctor gravida sem.', 0, 380, 1, 24, NULL, '2019-10-10 20:27:20'),
(455, 'suspendisse accumsan', 'Maecenas tristique, est et tempus semper, est quam pharetra magna, ac consequat metus sapien ut nunc. Vestibulum ante ipsum primis in faucibus orci luctus et ultrices posuere cubilia Curae; Mauris viverra diam vitae quam.', 0, 444, 4, 26, 401, '2019-08-28 15:59:54'),
(456, 'feugiat non', 'Nulla mollis molestie lorem. Quisque ut erat. Curabitur gravida nisi at nibh. In hac habitasse platea dictumst. Aliquam augue quam, sollicitudin vitae, consectetuer eget, rutrum at, lorem. Integer tincidunt ante vel ipsum. Praesent blandit lacinia erat.', 0, 332, 5, 86, 197, '2020-01-26 15:34:46'),
(457, 'nulla nunc purus phasellus in felis donec', 'Cras in purus eu magna vulputate luctus. Cum sociis natoque penatibus et magnis dis parturient montes, nascetur ridiculus mus. Vivamus vestibulum sagittis sapien. Cum sociis natoque penatibus et magnis dis parturient montes, nascetur ridiculus mus. Etiam vel augue.', 1, 413, 2, 24, NULL, '2019-07-10 02:43:58'),
(458, 'interdum mauris non ligula pellentesque ultrices', 'Donec semper sapien a libero. Nam dui. Proin leo odio, porttitor id, consequat in, consequat ut, nulla. Sed accumsan felis.', 0, 474, 4, 23, 799, '2020-02-01 00:24:15'),
(459, 'rhoncus dui', 'Vestibulum ante ipsum primis in faucibus orci luctus et ultrices posuere cubilia Curae; Mauris viverra diam vitae quam. Suspendisse potenti. Nullam porttitor lacus at turpis. Donec posuere metus vitae ipsum. Aliquam non mauris. Morbi non lectus.', 0, 380, 1, 44, 313, '2020-01-19 06:08:57'),
(460, 'vestibulum sagittis sapien cum sociis', 'Integer non velit. Donec diam neque, vestibulum eget, vulputate ut, ultrices vel, augue. Vestibulum ante ipsum primis in faucibus orci luctus et ultrices posuere cubilia Curae; Donec pharetra, magna vestibulum aliquet ultrices, erat tortor sollicitudin mi, sit amet lobortis sapien sapien non mi. Integer ac neque. Duis bibendum. Morbi non quam nec dui luctus rutrum.', 1, 440, 2, 12, NULL, '2020-01-20 18:19:31'),
(461, 'gravida nisi at', 'Mauris lacinia sapien quis libero. Nullam sit amet turpis elementum ligula vehicula consequat.', 1, 297, 3, 17, NULL, '2019-12-18 10:18:32'),
(462, 'potenti nullam porttitor lacus', 'Donec diam neque, vestibulum eget, vulputate ut, ultrices vel, augue. Vestibulum ante ipsum primis in faucibus orci luctus et ultrices posuere cubilia Curae; Donec pharetra, magna vestibulum aliquet ultrices, erat tortor sollicitudin mi, sit amet lobortis sapien sapien non mi. Integer ac neque.', 1, 124, 2, 61, NULL, '2019-09-13 05:21:41'),
(463, 'maecenas ut massa quis augue luctus tincidunt', 'Cras mi pede, malesuada in, imperdiet et, commodo vulputate, justo. In blandit ultrices enim.', 0, 487, 2, 58, 244, '2019-04-20 01:34:24'),
(464, 'purus sit amet nulla quisque', 'Donec ut mauris eget massa tempor convallis. Nulla neque libero, convallis eget, eleifend luctus, ultricies eu, nibh. Quisque id justo sit amet sapien dignissim vestibulum. Vestibulum ante ipsum primis in faucibus orci luctus et ultrices posuere cubilia Curae; Nulla dapibus dolor vel est. Donec odio justo, sollicitudin ut, suscipit a, feugiat et, eros. Vestibulum ac est lacinia nisi venenatis tristique. Fusce congue, diam id ornare imperdiet, sapien urna pretium nisl, ut volutpat sapien arcu sed augue. Aliquam erat volutpat.', 1, 208, 1, 36, NULL, '2019-09-10 09:47:07'),
(465, 'et ultrices posuere cubilia', 'Vestibulum ante ipsum primis in faucibus orci luctus et ultrices posuere cubilia Curae; Duis faucibus accumsan odio. Curabitur convallis. Duis consequat dui nec nisi volutpat eleifend. Donec ut dolor.', 0, 588, 2, 67, 211, '2019-09-17 14:35:56'),
(466, 'feugiat non pretium quis', 'Vestibulum rutrum rutrum neque. Aenean auctor gravida sem.', 0, 451, 2, 48, 375, '2020-01-23 07:52:20'),
(467, 'consequat dui nec nisi volutpat eleifend', 'Quisque arcu libero, rutrum ac, lobortis vel, dapibus at, diam. Nam tristique tortor eu pede.', 0, 310, 2, 15, NULL, '2019-09-23 21:41:12'),
(468, 'nullam varius nulla facilisi cras', 'Duis mattis egestas metus. Aenean fermentum. Donec ut mauris eget massa tempor convallis. Nulla neque libero, convallis eget, eleifend luctus, ultricies eu, nibh. Quisque id justo sit amet sapien dignissim vestibulum. Vestibulum ante ipsum primis in faucibus orci luctus et ultrices posuere cubilia Curae; Nulla dapibus dolor vel est.', 0, 223, 5, 33, 384, '2020-01-31 03:13:10'),
(469, 'platea dictumst etiam', 'In hac habitasse platea dictumst. Morbi vestibulum, velit id pretium iaculis, diam erat fermentum justo, nec condimentum neque sapien placerat ante. Nulla justo. Aliquam quis turpis eget elit sodales scelerisque. Mauris sit amet eros. Suspendisse accumsan tortor quis turpis. Sed ante. Vivamus tortor.', 0, 209, 4, 33, 626, '2020-01-31 22:20:07'),
(470, 'lorem vitae mattis', 'Nulla tempus. Vivamus in felis eu sapien cursus vestibulum. Proin eu mi.', 1, 152, 5, 81, NULL, '2019-04-08 18:49:41'),
(471, 'sapien sapien non mi integer', 'Donec vitae nisi. Nam ultrices, libero non mattis pulvinar, nulla pede ullamcorper augue, a suscipit nulla elit ac nulla. Sed vel enim sit amet nunc viverra dapibus. Nulla suscipit ligula in lacus.', 0, 286, 5, 91, 414, '2019-05-18 11:18:05'),
(472, 'odio donec vitae nisi', 'Sed ante. Vivamus tortor. Duis mattis egestas metus. Aenean fermentum.', 0, 171, 3, 20, 600, '2019-10-29 08:49:56'),
(473, 'fusce lacus purus aliquet at feugiat non', 'Etiam justo. Etiam pretium iaculis justo. In hac habitasse platea dictumst. Etiam faucibus cursus urna. Ut tellus. Nulla ut erat id mauris vulputate elementum. Nullam varius.', 0, 148, 1, 13, 473, '2019-07-22 10:32:42'),
(474, 'sit amet justo morbi ut odio', 'Cum sociis natoque penatibus et magnis dis parturient montes, nascetur ridiculus mus. Etiam vel augue. Vestibulum rutrum rutrum neque. Aenean auctor gravida sem. Praesent id massa id nisl venenatis lacinia. Aenean sit amet justo. Morbi ut odio. Cras mi pede, malesuada in, imperdiet et, commodo vulputate, justo.', 0, 478, 2, 99, 871, '2019-08-19 23:27:25'),
(475, 'duis aliquam convallis nunc proin at turpis a', 'Suspendisse ornare consequat lectus. In est risus, auctor sed, tristique in, tempus sit amet, sem. Fusce consequat. Nulla nisl. Nunc nisl.', 0, 357, 1, 62, 46, '2019-11-09 01:22:45'),
(476, 'primis in faucibus', 'Vestibulum ante ipsum primis in faucibus orci luctus et ultrices posuere cubilia Curae; Mauris viverra diam vitae quam. Suspendisse potenti. Nullam porttitor lacus at turpis. Donec posuere metus vitae ipsum. Aliquam non mauris. Morbi non lectus. Aliquam sit amet diam in magna bibendum imperdiet. Nullam orci pede, venenatis non, sodales sed, tincidunt eu, felis.', 0, 531, 1, 75, 444, '2019-11-07 19:10:34'),
(477, 'quam pede lobortis ligula sit amet', 'Nam congue, risus semper porta volutpat, quam pede lobortis ligula, sit amet eleifend pede libero quis orci. Nullam molestie nibh in lectus. Pellentesque at nulla. Suspendisse potenti. Cras in purus eu magna vulputate luctus.', 0, 195, 4, 30, 484, '2019-09-03 04:56:21'),
(478, 'sit amet erat nulla', 'Integer ac neque. Duis bibendum. Morbi non quam nec dui luctus rutrum. Nulla tellus.', 1, 570, 5, 83, NULL, '2019-12-13 12:09:28'),
(479, 'tellus nisi eu orci mauris lacinia', 'Integer aliquet, massa id lobortis convallis, tortor risus dapibus augue, vel accumsan tellus nisi eu orci. Mauris lacinia sapien quis libero. Nullam sit amet turpis elementum ligula vehicula consequat. Morbi a ipsum.', 0, 524, 2, 74, 318, '2019-11-06 06:09:39'),
(480, 'sem duis aliquam convallis nunc proin at', 'Donec vitae nisi. Nam ultrices, libero non mattis pulvinar, nulla pede ullamcorper augue, a suscipit nulla elit ac nulla. Sed vel enim sit amet nunc viverra dapibus.', 0, 163, 4, 36, 861, '2019-12-05 00:25:38'),
(481, 'erat quisque erat eros viverra eget congue eget', 'Morbi a ipsum. Integer a nibh. In quis justo.', 0, 156, 2, 24, NULL, '2019-08-16 21:20:36'),
(482, 'eu interdum eu tincidunt', 'Nulla justo. Aliquam quis turpis eget elit sodales scelerisque. Mauris sit amet eros. Suspendisse accumsan tortor quis turpis. Sed ante. Vivamus tortor. Duis mattis egestas metus.', 0, 446, 2, 53, 463, '2019-04-24 19:23:24'),
(483, 'nulla ut erat id mauris vulputate elementum nullam', 'In blandit ultrices enim. Lorem ipsum dolor sit amet, consectetuer adipiscing elit.', 0, 349, 5, 22, 227, '2020-01-30 02:32:29'),
(484, 'nullam sit amet turpis elementum ligula', 'Proin risus. Praesent lectus. Vestibulum quam sapien, varius ut, blandit non, interdum in, ante.', 0, 102, 3, 12, 788, '2019-08-10 22:44:29'),
(485, 'sollicitudin vitae consectetuer eget rutrum at', 'In blandit ultrices enim. Lorem ipsum dolor sit amet, consectetuer adipiscing elit. Proin interdum mauris non ligula pellentesque ultrices. Phasellus id sapien in sapien iaculis congue. Vivamus metus arcu, adipiscing molestie, hendrerit at, vulputate vitae, nisl. Aenean lectus.', 0, 265, 5, 9, 918, '2019-07-15 06:12:17'),
(486, 'amet consectetuer adipiscing elit proin interdum', 'Praesent lectus. Vestibulum quam sapien, varius ut, blandit non, interdum in, ante. Vestibulum ante ipsum primis in faucibus orci luctus et ultrices posuere cubilia Curae; Duis faucibus accumsan odio. Curabitur convallis. Duis consequat dui nec nisi volutpat eleifend. Donec ut dolor. Morbi vel lectus in quam fringilla rhoncus. Mauris enim leo, rhoncus sed, vestibulum sit amet, cursus id, turpis.', 0, 222, 5, 40, 126, '2020-01-17 15:19:31'),
(487, 'nec sem duis', 'Mauris lacinia sapien quis libero. Nullam sit amet turpis elementum ligula vehicula consequat. Morbi a ipsum.', 0, 426, 2, 25, 406, '2019-06-12 09:44:58'),
(488, 'augue a suscipit', 'Suspendisse potenti. Nullam porttitor lacus at turpis. Donec posuere metus vitae ipsum. Aliquam non mauris. Morbi non lectus. Aliquam sit amet diam in magna bibendum imperdiet.', 1, 107, 4, 96, NULL, '2019-09-24 11:52:51'),
(489, 'sed magna at nunc', 'Etiam pretium iaculis justo. In hac habitasse platea dictumst.', 0, 302, 4, 21, NULL, '2019-06-11 09:28:32'),
(490, 'sed interdum venenatis turpis enim blandit mi in', 'Maecenas pulvinar lobortis est. Phasellus sit amet erat. Nulla tempus. Vivamus in felis eu sapien cursus vestibulum. Proin eu mi.', 1, 221, 1, 70, NULL, '2019-12-13 10:34:48'),
(491, 'vel lectus in quam fringilla rhoncus mauris', 'Cum sociis natoque penatibus et magnis dis parturient montes, nascetur ridiculus mus. Vivamus vestibulum sagittis sapien. Cum sociis natoque penatibus et magnis dis parturient montes, nascetur ridiculus mus. Etiam vel augue. Vestibulum rutrum rutrum neque. Aenean auctor gravida sem.', 0, 179, 4, 98, 489, '2019-03-03 13:35:42'),
(492, 'sit amet cursus id turpis integer aliquet massa', 'Donec posuere metus vitae ipsum. Aliquam non mauris. Morbi non lectus. Aliquam sit amet diam in magna bibendum imperdiet. Nullam orci pede, venenatis non, sodales sed, tincidunt eu, felis. Fusce posuere felis sed lacus. Morbi sem mauris, laoreet ut, rhoncus aliquet, pulvinar sed, nisl. Nunc rhoncus dui vel sem.', 0, 448, 2, 43, 515, '2019-11-14 15:47:17'),
(493, 'orci pede', 'Maecenas rhoncus aliquam lacus. Morbi quis tortor id nulla ultrices aliquet. Maecenas leo odio, condimentum id, luctus nec, molestie sed, justo.', 0, 464, 2, 64, 797, '2019-07-26 22:50:41'),
(494, 'curabitur at', 'Vestibulum ante ipsum primis in faucibus orci luctus et ultrices posuere cubilia Curae; Nulla dapibus dolor vel est. Donec odio justo, sollicitudin ut, suscipit a, feugiat et, eros. Vestibulum ac est lacinia nisi venenatis tristique. Fusce congue, diam id ornare imperdiet, sapien urna pretium nisl, ut volutpat sapien arcu sed augue. Aliquam erat volutpat. In congue. Etiam justo.', 0, 256, 1, 40, 670, '2019-09-29 04:34:11'),
(495, 'nisi at nibh in hac habitasse platea', 'Curabitur gravida nisi at nibh. In hac habitasse platea dictumst. Aliquam augue quam, sollicitudin vitae, consectetuer eget, rutrum at, lorem. Integer tincidunt ante vel ipsum. Praesent blandit lacinia erat.', 0, 529, 2, 62, 945, '2019-02-28 18:00:48'),
(496, 'mi integer ac', 'Aliquam quis turpis eget elit sodales scelerisque. Mauris sit amet eros. Suspendisse accumsan tortor quis turpis.', 0, 561, 5, 94, NULL, '2019-12-20 23:34:15'),
(497, 'sed lacus', 'Nulla tellus. In sagittis dui vel nisl. Duis ac nibh. Fusce lacus purus, aliquet at, feugiat non, pretium quis, lectus.', 1, 247, 4, 38, NULL, '2019-07-05 17:39:41'),
(498, 'pellentesque ultrices mattis odio donec vitae', 'Nulla tellus. In sagittis dui vel nisl.', 0, 177, 2, 88, 151, '2019-05-26 12:06:27'),
(499, 'cum sociis natoque penatibus et magnis dis', 'Donec dapibus. Duis at velit eu est congue elementum. In hac habitasse platea dictumst. Morbi vestibulum, velit id pretium iaculis, diam erat fermentum justo, nec condimentum neque sapien placerat ante.', 1, 510, 1, 75, NULL, '2020-01-08 07:47:11'),
(500, 'mauris sit amet', 'Integer a nibh. In quis justo. Maecenas rhoncus aliquam lacus. Morbi quis tortor id nulla ultrices aliquet. Maecenas leo odio, condimentum id, luctus nec, molestie sed, justo.', 0, 396, 2, 37, NULL, '2019-08-21 06:44:12'),
(501, 'vestibulum vestibulum ante ipsum primis', 'Vivamus tortor. Duis mattis egestas metus. Aenean fermentum. Donec ut mauris eget massa tempor convallis. Nulla neque libero, convallis eget, eleifend luctus, ultricies eu, nibh. Quisque id justo sit amet sapien dignissim vestibulum. Vestibulum ante ipsum primis in faucibus orci luctus et ultrices posuere cubilia Curae; Nulla dapibus dolor vel est.', 0, 384, 2, 12, 859, '2019-10-28 18:06:24'),
(502, 'pulvinar sed', 'Integer non velit. Donec diam neque, vestibulum eget, vulputate ut, ultrices vel, augue. Vestibulum ante ipsum primis in faucibus orci luctus et ultrices posuere cubilia Curae; Donec pharetra, magna vestibulum aliquet ultrices, erat tortor sollicitudin mi, sit amet lobortis sapien sapien non mi. Integer ac neque. Duis bibendum. Morbi non quam nec dui luctus rutrum.', 0, 290, 5, 12, 460, '2019-09-19 01:36:54'),
(503, 'sociis natoque penatibus', 'Fusce consequat. Nulla nisl. Nunc nisl. Duis bibendum, felis sed interdum venenatis, turpis enim blandit mi, in porttitor pede justo eu massa.', 1, 571, 4, 55, NULL, '2020-01-12 09:44:35'),
(504, 'in hac', 'Suspendisse potenti. Cras in purus eu magna vulputate luctus. Cum sociis natoque penatibus et magnis dis parturient montes, nascetur ridiculus mus. Vivamus vestibulum sagittis sapien. Cum sociis natoque penatibus et magnis dis parturient montes, nascetur ridiculus mus. Etiam vel augue. Vestibulum rutrum rutrum neque.', 0, 332, 5, 14, 93, '2019-08-07 00:19:54'),
(505, 'in hac habitasse platea dictumst aliquam augue', 'Quisque id justo sit amet sapien dignissim vestibulum. Vestibulum ante ipsum primis in faucibus orci luctus et ultrices posuere cubilia Curae; Nulla dapibus dolor vel est. Donec odio justo, sollicitudin ut, suscipit a, feugiat et, eros. Vestibulum ac est lacinia nisi venenatis tristique. Fusce congue, diam id ornare imperdiet, sapien urna pretium nisl, ut volutpat sapien arcu sed augue.', 0, 435, 4, 74, 822, '2020-01-15 17:28:35'),
(506, 'posuere cubilia curae mauris viverra diam', 'Nam congue, risus semper porta volutpat, quam pede lobortis ligula, sit amet eleifend pede libero quis orci. Nullam molestie nibh in lectus. Pellentesque at nulla. Suspendisse potenti. Cras in purus eu magna vulputate luctus. Cum sociis natoque penatibus et magnis dis parturient montes, nascetur ridiculus mus.', 0, 285, 3, 49, 19, '2019-03-29 14:42:16'),
(507, 'amet justo morbi ut odio', 'In hac habitasse platea dictumst. Maecenas ut massa quis augue luctus tincidunt. Nulla mollis molestie lorem. Quisque ut erat.', 0, 372, 5, 31, 448, '2019-11-21 07:31:56'),
(508, 'nulla sed', 'Integer ac neque. Duis bibendum. Morbi non quam nec dui luctus rutrum. Nulla tellus.', 0, 594, 1, 56, 124, '2019-10-01 17:49:45'),
(509, 'eleifend quam a', 'Suspendisse potenti. Cras in purus eu magna vulputate luctus. Cum sociis natoque penatibus et magnis dis parturient montes, nascetur ridiculus mus.', 0, 485, 5, 49, 129, '2020-02-14 09:25:57'),
(510, 'eu est congue', 'Vestibulum sed magna at nunc commodo placerat. Praesent blandit. Nam nulla.', 0, 582, 3, 85, 820, '2019-04-10 01:32:58'),
(511, 'ut ultrices', 'Ut at dolor quis odio consequat varius. Integer ac leo. Pellentesque ultrices mattis odio. Donec vitae nisi. Nam ultrices, libero non mattis pulvinar, nulla pede ullamcorper augue, a suscipit nulla elit ac nulla. Sed vel enim sit amet nunc viverra dapibus.', 0, 532, 1, 6, 685, '2019-10-11 15:44:02');
INSERT INTO `posts` (`id`, `title`, `body`, `has_img`, `views`, `category`, `author`, `replying_to`, `creation_date`) VALUES
(512, 'tincidunt eget tempus vel pede morbi porttitor', 'Aliquam erat volutpat. In congue. Etiam justo. Etiam pretium iaculis justo.', 0, 334, 5, 14, NULL, '2019-12-19 17:49:50'),
(513, 'volutpat in', 'Donec odio justo, sollicitudin ut, suscipit a, feugiat et, eros. Vestibulum ac est lacinia nisi venenatis tristique. Fusce congue, diam id ornare imperdiet, sapien urna pretium nisl, ut volutpat sapien arcu sed augue. Aliquam erat volutpat. In congue. Etiam justo.', 0, 293, 3, 97, 147, '2019-10-13 00:12:34'),
(514, 'est risus auctor sed tristique in tempus', 'Integer aliquet, massa id lobortis convallis, tortor risus dapibus augue, vel accumsan tellus nisi eu orci. Mauris lacinia sapien quis libero. Nullam sit amet turpis elementum ligula vehicula consequat. Morbi a ipsum. Integer a nibh. In quis justo. Maecenas rhoncus aliquam lacus.', 1, 511, 3, 45, NULL, '2019-08-06 13:11:40'),
(515, 'vulputate elementum nullam varius', 'Sed accumsan felis. Ut at dolor quis odio consequat varius. Integer ac leo. Pellentesque ultrices mattis odio. Donec vitae nisi.', 0, 122, 3, 17, 912, '2020-01-09 22:04:15'),
(516, 'sapien sapien non mi integer ac neque', 'Nunc rhoncus dui vel sem. Sed sagittis. Nam congue, risus semper porta volutpat, quam pede lobortis ligula, sit amet eleifend pede libero quis orci.', 0, 523, 5, 87, NULL, '2019-06-06 16:43:42'),
(517, 'praesent blandit nam nulla', 'Phasellus in felis. Donec semper sapien a libero. Nam dui. Proin leo odio, porttitor id, consequat in, consequat ut, nulla. Sed accumsan felis. Ut at dolor quis odio consequat varius.', 0, 302, 4, 6, 264, '2019-10-24 07:57:19'),
(518, 'nibh ligula', 'In tempor, turpis nec euismod scelerisque, quam turpis adipiscing lorem, vitae mattis nibh ligula nec sem. Duis aliquam convallis nunc. Proin at turpis a pede posuere nonummy. Integer non velit. Donec diam neque, vestibulum eget, vulputate ut, ultrices vel, augue. Vestibulum ante ipsum primis in faucibus orci luctus et ultrices posuere cubilia Curae; Donec pharetra, magna vestibulum aliquet ultrices, erat tortor sollicitudin mi, sit amet lobortis sapien sapien non mi. Integer ac neque.', 0, 275, 1, 74, 129, '2019-05-07 08:04:53'),
(519, 'est congue', 'Morbi vestibulum, velit id pretium iaculis, diam erat fermentum justo, nec condimentum neque sapien placerat ante. Nulla justo. Aliquam quis turpis eget elit sodales scelerisque. Mauris sit amet eros. Suspendisse accumsan tortor quis turpis. Sed ante.', 0, 323, 2, 41, 850, '2019-04-02 02:59:38'),
(520, 'ut nulla sed accumsan felis ut', 'Etiam vel augue. Vestibulum rutrum rutrum neque. Aenean auctor gravida sem. Praesent id massa id nisl venenatis lacinia. Aenean sit amet justo. Morbi ut odio.', 0, 565, 5, 57, 662, '2019-04-24 10:14:22'),
(521, 'porta volutpat quam pede', 'Duis aliquam convallis nunc. Proin at turpis a pede posuere nonummy. Integer non velit. Donec diam neque, vestibulum eget, vulputate ut, ultrices vel, augue. Vestibulum ante ipsum primis in faucibus orci luctus et ultrices posuere cubilia Curae; Donec pharetra, magna vestibulum aliquet ultrices, erat tortor sollicitudin mi, sit amet lobortis sapien sapien non mi. Integer ac neque. Duis bibendum. Morbi non quam nec dui luctus rutrum.', 1, 335, 1, 77, NULL, '2019-05-29 23:05:32'),
(522, 'platea dictumst etiam faucibus cursus', 'In sagittis dui vel nisl. Duis ac nibh. Fusce lacus purus, aliquet at, feugiat non, pretium quis, lectus. Suspendisse potenti. In eleifend quam a odio. In hac habitasse platea dictumst. Maecenas ut massa quis augue luctus tincidunt. Nulla mollis molestie lorem.', 0, 582, 3, 8, 791, '2020-02-15 22:02:30'),
(523, 'suspendisse ornare consequat lectus', 'Suspendisse ornare consequat lectus. In est risus, auctor sed, tristique in, tempus sit amet, sem. Fusce consequat. Nulla nisl. Nunc nisl. Duis bibendum, felis sed interdum venenatis, turpis enim blandit mi, in porttitor pede justo eu massa. Donec dapibus.', 0, 171, 4, 3, 935, '2019-12-05 18:47:51'),
(524, 'orci nullam molestie nibh in lectus pellentesque', 'Mauris lacinia sapien quis libero. Nullam sit amet turpis elementum ligula vehicula consequat. Morbi a ipsum. Integer a nibh. In quis justo. Maecenas rhoncus aliquam lacus.', 0, 476, 2, 34, 618, '2020-01-17 18:20:34'),
(525, 'nulla ultrices aliquet maecenas', 'Morbi porttitor lorem id ligula. Suspendisse ornare consequat lectus. In est risus, auctor sed, tristique in, tempus sit amet, sem. Fusce consequat. Nulla nisl. Nunc nisl. Duis bibendum, felis sed interdum venenatis, turpis enim blandit mi, in porttitor pede justo eu massa. Donec dapibus.', 0, 498, 1, 89, 162, '2019-08-24 07:57:32'),
(526, 'ante ipsum primis in faucibus orci', 'Suspendisse accumsan tortor quis turpis. Sed ante. Vivamus tortor. Duis mattis egestas metus. Aenean fermentum.', 0, 316, 4, 82, 28, '2019-04-13 20:24:52'),
(527, 'et ultrices posuere cubilia curae nulla dapibus dolor', 'Quisque id justo sit amet sapien dignissim vestibulum. Vestibulum ante ipsum primis in faucibus orci luctus et ultrices posuere cubilia Curae; Nulla dapibus dolor vel est. Donec odio justo, sollicitudin ut, suscipit a, feugiat et, eros. Vestibulum ac est lacinia nisi venenatis tristique. Fusce congue, diam id ornare imperdiet, sapien urna pretium nisl, ut volutpat sapien arcu sed augue. Aliquam erat volutpat.', 0, 512, 5, 11, 627, '2019-06-24 14:50:57'),
(528, 'platea dictumst morbi vestibulum velit id pretium', 'Mauris sit amet eros. Suspendisse accumsan tortor quis turpis. Sed ante. Vivamus tortor. Duis mattis egestas metus. Aenean fermentum. Donec ut mauris eget massa tempor convallis. Nulla neque libero, convallis eget, eleifend luctus, ultricies eu, nibh.', 0, 204, 4, 99, 991, '2019-10-21 22:39:59'),
(529, 'aenean auctor', 'Morbi vel lectus in quam fringilla rhoncus. Mauris enim leo, rhoncus sed, vestibulum sit amet, cursus id, turpis. Integer aliquet, massa id lobortis convallis, tortor risus dapibus augue, vel accumsan tellus nisi eu orci. Mauris lacinia sapien quis libero. Nullam sit amet turpis elementum ligula vehicula consequat. Morbi a ipsum.', 1, 371, 1, 33, NULL, '2019-06-02 10:03:58'),
(530, 'sapien dignissim vestibulum vestibulum ante ipsum', 'Morbi vestibulum, velit id pretium iaculis, diam erat fermentum justo, nec condimentum neque sapien placerat ante. Nulla justo. Aliquam quis turpis eget elit sodales scelerisque. Mauris sit amet eros. Suspendisse accumsan tortor quis turpis. Sed ante. Vivamus tortor. Duis mattis egestas metus.', 0, 144, 1, 45, 520, '2020-01-19 11:20:38'),
(531, 'a odio in hac habitasse', 'Vivamus in felis eu sapien cursus vestibulum. Proin eu mi. Nulla ac enim. In tempor, turpis nec euismod scelerisque, quam turpis adipiscing lorem, vitae mattis nibh ligula nec sem. Duis aliquam convallis nunc. Proin at turpis a pede posuere nonummy. Integer non velit. Donec diam neque, vestibulum eget, vulputate ut, ultrices vel, augue.', 0, 228, 3, 89, 434, '2019-07-14 10:35:26'),
(532, 'integer ac leo pellentesque ultrices mattis odio', 'In eleifend quam a odio. In hac habitasse platea dictumst. Maecenas ut massa quis augue luctus tincidunt. Nulla mollis molestie lorem. Quisque ut erat. Curabitur gravida nisi at nibh. In hac habitasse platea dictumst.', 0, 258, 4, 35, 252, '2019-05-09 23:12:25'),
(533, 'id turpis integer aliquet massa id', 'Integer pede justo, lacinia eget, tincidunt eget, tempus vel, pede. Morbi porttitor lorem id ligula. Suspendisse ornare consequat lectus.', 1, 425, 3, 35, NULL, '2019-04-07 17:57:25'),
(534, 'tellus nisi eu orci mauris lacinia sapien', 'Etiam vel augue. Vestibulum rutrum rutrum neque. Aenean auctor gravida sem. Praesent id massa id nisl venenatis lacinia. Aenean sit amet justo. Morbi ut odio. Cras mi pede, malesuada in, imperdiet et, commodo vulputate, justo. In blandit ultrices enim.', 0, 586, 1, 39, 41, '2019-11-18 04:56:44'),
(535, 'habitasse platea dictumst aliquam augue', 'Nullam varius. Nulla facilisi.', 1, 272, 2, 70, NULL, '2019-11-23 14:05:21'),
(536, 'non mattis pulvinar nulla pede ullamcorper augue a', 'In est risus, auctor sed, tristique in, tempus sit amet, sem. Fusce consequat. Nulla nisl.', 0, 180, 1, 46, 399, '2019-10-18 11:46:22'),
(537, 'magnis dis parturient montes nascetur ridiculus', 'In est risus, auctor sed, tristique in, tempus sit amet, sem. Fusce consequat. Nulla nisl. Nunc nisl. Duis bibendum, felis sed interdum venenatis, turpis enim blandit mi, in porttitor pede justo eu massa. Donec dapibus. Duis at velit eu est congue elementum. In hac habitasse platea dictumst.', 0, 147, 5, 88, 368, '2019-08-08 23:08:32'),
(538, 'duis at velit eu', 'Vestibulum ante ipsum primis in faucibus orci luctus et ultrices posuere cubilia Curae; Donec pharetra, magna vestibulum aliquet ultrices, erat tortor sollicitudin mi, sit amet lobortis sapien sapien non mi. Integer ac neque. Duis bibendum. Morbi non quam nec dui luctus rutrum. Nulla tellus. In sagittis dui vel nisl. Duis ac nibh. Fusce lacus purus, aliquet at, feugiat non, pretium quis, lectus.', 0, 198, 3, 7, 934, '2019-10-31 06:53:32'),
(539, 'cursus id turpis integer aliquet massa id lobortis', 'Cras mi pede, malesuada in, imperdiet et, commodo vulputate, justo. In blandit ultrices enim. Lorem ipsum dolor sit amet, consectetuer adipiscing elit. Proin interdum mauris non ligula pellentesque ultrices.', 1, 207, 4, 24, NULL, '2019-06-26 16:47:12'),
(540, 'nisl venenatis', 'Phasellus in felis. Donec semper sapien a libero.', 0, 265, 2, 82, 123, '2019-09-09 07:03:52'),
(541, 'sit amet consectetuer', 'Maecenas pulvinar lobortis est. Phasellus sit amet erat. Nulla tempus.', 1, 554, 5, 24, NULL, '2019-07-05 10:48:01'),
(542, 'massa id nisl venenatis', 'Duis ac nibh. Fusce lacus purus, aliquet at, feugiat non, pretium quis, lectus. Suspendisse potenti. In eleifend quam a odio. In hac habitasse platea dictumst. Maecenas ut massa quis augue luctus tincidunt. Nulla mollis molestie lorem. Quisque ut erat.', 1, 482, 3, 38, NULL, '2020-02-12 15:38:26'),
(543, 'bibendum morbi non quam nec dui', 'Nunc nisl. Duis bibendum, felis sed interdum venenatis, turpis enim blandit mi, in porttitor pede justo eu massa. Donec dapibus. Duis at velit eu est congue elementum.', 0, 230, 5, 85, 556, '2019-04-14 01:23:18'),
(544, 'id nulla ultrices', 'Integer pede justo, lacinia eget, tincidunt eget, tempus vel, pede. Morbi porttitor lorem id ligula.', 1, 336, 1, 93, NULL, '2019-07-26 18:11:54'),
(545, 'nam nulla', 'Nam nulla. Integer pede justo, lacinia eget, tincidunt eget, tempus vel, pede. Morbi porttitor lorem id ligula. Suspendisse ornare consequat lectus. In est risus, auctor sed, tristique in, tempus sit amet, sem. Fusce consequat.', 0, 160, 4, 50, 237, '2019-10-07 01:17:12'),
(546, 'in magna bibendum imperdiet nullam orci pede venenatis', 'Vestibulum ante ipsum primis in faucibus orci luctus et ultrices posuere cubilia Curae; Duis faucibus accumsan odio. Curabitur convallis. Duis consequat dui nec nisi volutpat eleifend. Donec ut dolor. Morbi vel lectus in quam fringilla rhoncus.', 0, 538, 3, 95, 532, '2019-12-18 12:06:23'),
(547, 'rutrum neque aenean auctor gravida sem praesent id', 'Maecenas rhoncus aliquam lacus. Morbi quis tortor id nulla ultrices aliquet. Maecenas leo odio, condimentum id, luctus nec, molestie sed, justo.', 0, 439, 5, 27, 327, '2019-10-31 09:27:43'),
(548, 'nunc rhoncus dui vel sem sed sagittis', 'Morbi quis tortor id nulla ultrices aliquet. Maecenas leo odio, condimentum id, luctus nec, molestie sed, justo. Pellentesque viverra pede ac diam.', 0, 268, 2, 90, 270, '2019-04-09 12:52:43'),
(549, 'nunc proin at', 'Suspendisse accumsan tortor quis turpis. Sed ante. Vivamus tortor. Duis mattis egestas metus. Aenean fermentum. Donec ut mauris eget massa tempor convallis.', 0, 405, 4, 66, 439, '2019-11-01 03:34:15'),
(550, 'placerat praesent blandit', 'Maecenas rhoncus aliquam lacus. Morbi quis tortor id nulla ultrices aliquet. Maecenas leo odio, condimentum id, luctus nec, molestie sed, justo. Pellentesque viverra pede ac diam. Cras pellentesque volutpat dui. Maecenas tristique, est et tempus semper, est quam pharetra magna, ac consequat metus sapien ut nunc.', 0, 520, 1, 40, 853, '2019-04-09 04:09:22'),
(551, 'id sapien in sapien iaculis congue vivamus', 'Aenean fermentum. Donec ut mauris eget massa tempor convallis. Nulla neque libero, convallis eget, eleifend luctus, ultricies eu, nibh. Quisque id justo sit amet sapien dignissim vestibulum.', 0, 576, 5, 52, 137, '2019-04-21 14:30:32'),
(552, 'lorem vitae mattis', 'Nulla mollis molestie lorem. Quisque ut erat. Curabitur gravida nisi at nibh. In hac habitasse platea dictumst. Aliquam augue quam, sollicitudin vitae, consectetuer eget, rutrum at, lorem.', 0, 238, 1, 68, 433, '2019-08-08 23:15:55'),
(553, 'hac habitasse platea', 'Duis aliquam convallis nunc. Proin at turpis a pede posuere nonummy. Integer non velit. Donec diam neque, vestibulum eget, vulputate ut, ultrices vel, augue. Vestibulum ante ipsum primis in faucibus orci luctus et ultrices posuere cubilia Curae; Donec pharetra, magna vestibulum aliquet ultrices, erat tortor sollicitudin mi, sit amet lobortis sapien sapien non mi. Integer ac neque. Duis bibendum.', 0, 104, 2, 97, 677, '2019-10-10 11:17:49'),
(554, 'ut odio cras mi pede malesuada in', 'Nullam varius. Nulla facilisi.', 0, 483, 1, 8, NULL, '2020-02-24 21:48:44'),
(555, 'platea dictumst morbi vestibulum', 'Integer tincidunt ante vel ipsum. Praesent blandit lacinia erat.', 0, 215, 2, 27, 511, '2019-10-21 05:38:11'),
(556, 'aliquet maecenas', 'Praesent blandit lacinia erat. Vestibulum sed magna at nunc commodo placerat. Praesent blandit. Nam nulla. Integer pede justo, lacinia eget, tincidunt eget, tempus vel, pede.', 1, 241, 1, 13, NULL, '2019-09-12 18:50:30'),
(557, 'turpis donec posuere metus vitae ipsum aliquam non', 'Fusce congue, diam id ornare imperdiet, sapien urna pretium nisl, ut volutpat sapien arcu sed augue. Aliquam erat volutpat. In congue. Etiam justo. Etiam pretium iaculis justo. In hac habitasse platea dictumst.', 0, 479, 4, 97, 885, '2019-11-21 12:39:41'),
(558, 'ante ipsum primis in faucibus orci luctus', 'Etiam faucibus cursus urna. Ut tellus. Nulla ut erat id mauris vulputate elementum. Nullam varius.', 0, 526, 5, 84, NULL, '2019-10-29 08:59:32'),
(559, 'viverra pede ac', 'Morbi porttitor lorem id ligula. Suspendisse ornare consequat lectus. In est risus, auctor sed, tristique in, tempus sit amet, sem. Fusce consequat.', 0, 131, 4, 34, 254, '2019-10-11 09:06:39'),
(560, 'nulla mollis molestie lorem quisque ut', 'Vestibulum ante ipsum primis in faucibus orci luctus et ultrices posuere cubilia Curae; Mauris viverra diam vitae quam. Suspendisse potenti. Nullam porttitor lacus at turpis.', 1, 275, 5, 41, NULL, '2019-11-16 20:25:44'),
(561, 'nulla ultrices aliquet maecenas', 'Quisque arcu libero, rutrum ac, lobortis vel, dapibus at, diam. Nam tristique tortor eu pede.', 0, 373, 3, 100, 489, '2019-04-10 07:24:20'),
(562, 'non pretium quis', 'Donec ut dolor. Morbi vel lectus in quam fringilla rhoncus.', 0, 429, 5, 41, NULL, '2019-09-15 07:15:25'),
(563, 'magnis dis parturient montes nascetur ridiculus mus vivamus', 'Suspendisse accumsan tortor quis turpis. Sed ante.', 0, 107, 4, 100, 597, '2020-02-14 09:37:26'),
(564, 'eu nibh quisque id justo', 'Quisque porta volutpat erat. Quisque erat eros, viverra eget, congue eget, semper rutrum, nulla. Nunc purus. Phasellus in felis. Donec semper sapien a libero. Nam dui. Proin leo odio, porttitor id, consequat in, consequat ut, nulla. Sed accumsan felis.', 1, 315, 4, 80, NULL, '2019-05-04 11:45:11'),
(565, 'sed tincidunt eu', 'Maecenas rhoncus aliquam lacus. Morbi quis tortor id nulla ultrices aliquet. Maecenas leo odio, condimentum id, luctus nec, molestie sed, justo.', 0, 566, 5, 76, 913, '2019-12-12 13:43:13'),
(566, 'consequat lectus', 'Cras pellentesque volutpat dui. Maecenas tristique, est et tempus semper, est quam pharetra magna, ac consequat metus sapien ut nunc. Vestibulum ante ipsum primis in faucibus orci luctus et ultrices posuere cubilia Curae; Mauris viverra diam vitae quam. Suspendisse potenti. Nullam porttitor lacus at turpis.', 1, 446, 5, 22, NULL, '2019-08-04 01:02:22'),
(567, 'duis bibendum felis sed interdum venenatis turpis enim', 'Integer tincidunt ante vel ipsum. Praesent blandit lacinia erat. Vestibulum sed magna at nunc commodo placerat. Praesent blandit. Nam nulla.', 1, 563, 5, 15, NULL, '2020-02-21 16:18:22'),
(568, 'morbi porttitor lorem', 'Phasellus sit amet erat. Nulla tempus. Vivamus in felis eu sapien cursus vestibulum. Proin eu mi. Nulla ac enim.', 0, 377, 2, 46, 881, '2019-08-04 08:55:34'),
(569, 'sed tristique in tempus sit amet sem fusce', 'Vivamus vel nulla eget eros elementum pellentesque. Quisque porta volutpat erat. Quisque erat eros, viverra eget, congue eget, semper rutrum, nulla. Nunc purus. Phasellus in felis. Donec semper sapien a libero. Nam dui. Proin leo odio, porttitor id, consequat in, consequat ut, nulla.', 0, 233, 4, 50, 71, '2019-11-16 13:23:44'),
(570, 'scelerisque mauris sit', 'Maecenas rhoncus aliquam lacus. Morbi quis tortor id nulla ultrices aliquet. Maecenas leo odio, condimentum id, luctus nec, molestie sed, justo. Pellentesque viverra pede ac diam. Cras pellentesque volutpat dui. Maecenas tristique, est et tempus semper, est quam pharetra magna, ac consequat metus sapien ut nunc.', 0, 277, 4, 31, NULL, '2019-04-04 16:52:56'),
(571, 'quam sapien varius ut blandit non interdum', 'Suspendisse potenti. In eleifend quam a odio. In hac habitasse platea dictumst. Maecenas ut massa quis augue luctus tincidunt. Nulla mollis molestie lorem. Quisque ut erat. Curabitur gravida nisi at nibh.', 0, 355, 2, 25, NULL, '2019-10-10 04:38:59'),
(572, 'posuere metus vitae ipsum aliquam non mauris morbi', 'Praesent blandit lacinia erat. Vestibulum sed magna at nunc commodo placerat. Praesent blandit. Nam nulla. Integer pede justo, lacinia eget, tincidunt eget, tempus vel, pede.', 0, 546, 5, 73, 364, '2019-04-29 19:42:32'),
(573, 'pede malesuada in imperdiet et commodo', 'Donec odio justo, sollicitudin ut, suscipit a, feugiat et, eros. Vestibulum ac est lacinia nisi venenatis tristique. Fusce congue, diam id ornare imperdiet, sapien urna pretium nisl, ut volutpat sapien arcu sed augue. Aliquam erat volutpat. In congue. Etiam justo. Etiam pretium iaculis justo.', 0, 199, 1, 95, NULL, '2020-01-21 13:39:06'),
(574, 'ut dolor morbi vel', 'Suspendisse potenti. In eleifend quam a odio. In hac habitasse platea dictumst. Maecenas ut massa quis augue luctus tincidunt. Nulla mollis molestie lorem.', 0, 561, 2, 51, 390, '2019-12-07 11:55:54'),
(575, 'a suscipit nulla elit ac nulla', 'Cum sociis natoque penatibus et magnis dis parturient montes, nascetur ridiculus mus. Etiam vel augue. Vestibulum rutrum rutrum neque. Aenean auctor gravida sem.', 0, 593, 1, 36, 529, '2019-11-03 09:47:47'),
(576, 'imperdiet nullam orci pede venenatis non sodales sed', 'Praesent blandit. Nam nulla. Integer pede justo, lacinia eget, tincidunt eget, tempus vel, pede. Morbi porttitor lorem id ligula. Suspendisse ornare consequat lectus. In est risus, auctor sed, tristique in, tempus sit amet, sem. Fusce consequat. Nulla nisl.', 0, 486, 5, 41, 518, '2020-02-08 23:10:03'),
(577, 'in purus eu magna vulputate', 'Vestibulum rutrum rutrum neque. Aenean auctor gravida sem. Praesent id massa id nisl venenatis lacinia. Aenean sit amet justo.', 1, 230, 4, 11, NULL, '2019-08-27 01:25:33'),
(578, 'massa quis augue luctus tincidunt nulla mollis', 'Pellentesque eget nunc. Donec quis orci eget orci vehicula condimentum. Curabitur in libero ut massa volutpat convallis. Morbi odio odio, elementum eu, interdum eu, tincidunt in, leo. Maecenas pulvinar lobortis est.', 0, 296, 3, 83, NULL, '2019-09-11 08:04:23'),
(579, 'ligula suspendisse', 'In hac habitasse platea dictumst. Maecenas ut massa quis augue luctus tincidunt. Nulla mollis molestie lorem. Quisque ut erat.', 1, 382, 2, 49, NULL, '2019-10-29 21:01:42'),
(580, 'nunc purus phasellus in felis donec semper sapien', 'In tempor, turpis nec euismod scelerisque, quam turpis adipiscing lorem, vitae mattis nibh ligula nec sem. Duis aliquam convallis nunc. Proin at turpis a pede posuere nonummy. Integer non velit. Donec diam neque, vestibulum eget, vulputate ut, ultrices vel, augue. Vestibulum ante ipsum primis in faucibus orci luctus et ultrices posuere cubilia Curae; Donec pharetra, magna vestibulum aliquet ultrices, erat tortor sollicitudin mi, sit amet lobortis sapien sapien non mi.', 0, 429, 3, 80, 665, '2019-09-17 00:49:52'),
(581, 'libero non', 'Morbi odio odio, elementum eu, interdum eu, tincidunt in, leo. Maecenas pulvinar lobortis est. Phasellus sit amet erat. Nulla tempus.', 0, 402, 4, 33, 418, '2019-08-27 10:18:23'),
(582, 'nisl venenatis lacinia aenean sit amet justo', 'Sed vel enim sit amet nunc viverra dapibus. Nulla suscipit ligula in lacus. Curabitur at ipsum ac tellus semper interdum. Mauris ullamcorper purus sit amet nulla. Quisque arcu libero, rutrum ac, lobortis vel, dapibus at, diam.', 0, 359, 3, 48, 816, '2019-10-30 14:09:58'),
(583, 'mi in porttitor pede justo eu massa donec', 'Donec semper sapien a libero. Nam dui. Proin leo odio, porttitor id, consequat in, consequat ut, nulla.', 0, 202, 3, 83, 995, '2019-04-17 06:01:37'),
(584, 'eget rutrum at', 'Donec ut dolor. Morbi vel lectus in quam fringilla rhoncus. Mauris enim leo, rhoncus sed, vestibulum sit amet, cursus id, turpis. Integer aliquet, massa id lobortis convallis, tortor risus dapibus augue, vel accumsan tellus nisi eu orci. Mauris lacinia sapien quis libero. Nullam sit amet turpis elementum ligula vehicula consequat.', 0, 312, 3, 93, 708, '2020-02-13 19:54:54'),
(585, 'rutrum at lorem integer tincidunt', 'Fusce consequat. Nulla nisl.', 0, 568, 4, 52, 944, '2020-01-16 14:10:26'),
(586, 'tellus in sagittis dui vel nisl duis ac', 'Vestibulum rutrum rutrum neque. Aenean auctor gravida sem. Praesent id massa id nisl venenatis lacinia. Aenean sit amet justo. Morbi ut odio. Cras mi pede, malesuada in, imperdiet et, commodo vulputate, justo. In blandit ultrices enim.', 0, 114, 5, 4, 747, '2020-01-15 06:50:01'),
(587, 'at nibh in hac habitasse platea dictumst aliquam', 'Cum sociis natoque penatibus et magnis dis parturient montes, nascetur ridiculus mus. Vivamus vestibulum sagittis sapien. Cum sociis natoque penatibus et magnis dis parturient montes, nascetur ridiculus mus. Etiam vel augue. Vestibulum rutrum rutrum neque. Aenean auctor gravida sem.', 0, 325, 4, 22, 334, '2019-11-13 21:25:57'),
(588, 'dui nec', 'Aenean lectus. Pellentesque eget nunc. Donec quis orci eget orci vehicula condimentum. Curabitur in libero ut massa volutpat convallis. Morbi odio odio, elementum eu, interdum eu, tincidunt in, leo. Maecenas pulvinar lobortis est. Phasellus sit amet erat.', 0, 351, 5, 4, 900, '2019-09-10 11:43:18'),
(589, 'pharetra magna ac consequat metus', 'Vestibulum rutrum rutrum neque. Aenean auctor gravida sem. Praesent id massa id nisl venenatis lacinia.', 1, 109, 1, 85, NULL, '2019-09-15 11:02:40'),
(590, 'nulla ultrices', 'Aliquam erat volutpat. In congue. Etiam justo.', 0, 582, 1, 97, 898, '2019-12-18 06:26:32'),
(591, 'sapien sapien non mi', 'Integer pede justo, lacinia eget, tincidunt eget, tempus vel, pede. Morbi porttitor lorem id ligula. Suspendisse ornare consequat lectus. In est risus, auctor sed, tristique in, tempus sit amet, sem. Fusce consequat. Nulla nisl. Nunc nisl. Duis bibendum, felis sed interdum venenatis, turpis enim blandit mi, in porttitor pede justo eu massa.', 1, 290, 4, 63, NULL, '2019-12-26 02:01:39'),
(592, 'nulla pede ullamcorper augue a suscipit', 'Nullam orci pede, venenatis non, sodales sed, tincidunt eu, felis. Fusce posuere felis sed lacus. Morbi sem mauris, laoreet ut, rhoncus aliquet, pulvinar sed, nisl.', 0, 300, 3, 13, 857, '2019-07-30 21:36:33'),
(593, 'est congue elementum in hac habitasse platea', 'Nunc purus. Phasellus in felis. Donec semper sapien a libero. Nam dui. Proin leo odio, porttitor id, consequat in, consequat ut, nulla. Sed accumsan felis. Ut at dolor quis odio consequat varius. Integer ac leo.', 1, 364, 3, 30, NULL, '2019-10-12 01:23:35'),
(594, 'interdum in ante vestibulum ante ipsum primis', 'Fusce consequat. Nulla nisl. Nunc nisl. Duis bibendum, felis sed interdum venenatis, turpis enim blandit mi, in porttitor pede justo eu massa.', 0, 169, 4, 8, NULL, '2019-07-13 23:31:51'),
(595, 'aliquam convallis nunc proin at turpis', 'Nullam orci pede, venenatis non, sodales sed, tincidunt eu, felis. Fusce posuere felis sed lacus.', 0, 358, 5, 46, NULL, '2019-09-20 02:34:54'),
(596, 'dui vel nisl duis ac nibh fusce lacus', 'Nullam molestie nibh in lectus. Pellentesque at nulla. Suspendisse potenti. Cras in purus eu magna vulputate luctus. Cum sociis natoque penatibus et magnis dis parturient montes, nascetur ridiculus mus. Vivamus vestibulum sagittis sapien. Cum sociis natoque penatibus et magnis dis parturient montes, nascetur ridiculus mus. Etiam vel augue.', 0, 217, 4, 19, 111, '2019-06-05 22:38:54'),
(597, 'et ultrices posuere cubilia', 'Duis bibendum, felis sed interdum venenatis, turpis enim blandit mi, in porttitor pede justo eu massa. Donec dapibus. Duis at velit eu est congue elementum.', 0, 586, 1, 9, 108, '2020-02-09 11:55:14'),
(598, 'nisl nunc nisl', 'Vivamus metus arcu, adipiscing molestie, hendrerit at, vulputate vitae, nisl. Aenean lectus. Pellentesque eget nunc. Donec quis orci eget orci vehicula condimentum. Curabitur in libero ut massa volutpat convallis. Morbi odio odio, elementum eu, interdum eu, tincidunt in, leo. Maecenas pulvinar lobortis est. Phasellus sit amet erat.', 0, 355, 4, 26, 324, '2019-09-20 03:12:16'),
(599, 'id nisl venenatis lacinia', 'Morbi quis tortor id nulla ultrices aliquet. Maecenas leo odio, condimentum id, luctus nec, molestie sed, justo.', 0, 147, 5, 31, 447, '2019-06-23 06:17:21'),
(600, 'iaculis justo in hac habitasse platea dictumst', 'In est risus, auctor sed, tristique in, tempus sit amet, sem. Fusce consequat. Nulla nisl.', 0, 190, 2, 78, 268, '2019-06-19 13:48:05'),
(601, 'amet consectetuer adipiscing elit proin', 'Praesent id massa id nisl venenatis lacinia. Aenean sit amet justo. Morbi ut odio. Cras mi pede, malesuada in, imperdiet et, commodo vulputate, justo. In blandit ultrices enim.', 0, 491, 2, 21, 572, '2019-08-25 02:30:39'),
(602, 'sodales sed tincidunt eu felis fusce', 'Lorem ipsum dolor sit amet, consectetuer adipiscing elit. Proin risus. Praesent lectus.', 0, 147, 3, 99, 724, '2020-01-26 06:12:36'),
(603, 'sollicitudin mi', 'Ut at dolor quis odio consequat varius. Integer ac leo. Pellentesque ultrices mattis odio. Donec vitae nisi. Nam ultrices, libero non mattis pulvinar, nulla pede ullamcorper augue, a suscipit nulla elit ac nulla. Sed vel enim sit amet nunc viverra dapibus. Nulla suscipit ligula in lacus. Curabitur at ipsum ac tellus semper interdum.', 0, 199, 4, 3, 890, '2020-02-14 14:16:35'),
(604, 'orci luctus et', 'In hac habitasse platea dictumst. Aliquam augue quam, sollicitudin vitae, consectetuer eget, rutrum at, lorem. Integer tincidunt ante vel ipsum. Praesent blandit lacinia erat. Vestibulum sed magna at nunc commodo placerat. Praesent blandit. Nam nulla.', 0, 311, 5, 57, 108, '2020-01-11 05:34:02'),
(605, 'aliquet maecenas leo odio', 'Vivamus in felis eu sapien cursus vestibulum. Proin eu mi. Nulla ac enim. In tempor, turpis nec euismod scelerisque, quam turpis adipiscing lorem, vitae mattis nibh ligula nec sem. Duis aliquam convallis nunc.', 0, 200, 5, 10, NULL, '2019-06-20 11:26:00'),
(606, 'lacinia erat vestibulum sed magna', 'Integer non velit. Donec diam neque, vestibulum eget, vulputate ut, ultrices vel, augue. Vestibulum ante ipsum primis in faucibus orci luctus et ultrices posuere cubilia Curae; Donec pharetra, magna vestibulum aliquet ultrices, erat tortor sollicitudin mi, sit amet lobortis sapien sapien non mi. Integer ac neque.', 0, 226, 3, 18, 82, '2019-05-29 23:18:13'),
(607, 'eros vestibulum ac est lacinia nisi venenatis tristique', 'Donec quis orci eget orci vehicula condimentum. Curabitur in libero ut massa volutpat convallis. Morbi odio odio, elementum eu, interdum eu, tincidunt in, leo. Maecenas pulvinar lobortis est. Phasellus sit amet erat.', 0, 529, 1, 8, 159, '2020-02-21 23:06:26'),
(608, 'aliquam convallis nunc', 'Proin leo odio, porttitor id, consequat in, consequat ut, nulla. Sed accumsan felis. Ut at dolor quis odio consequat varius.', 1, 269, 4, 12, NULL, '2019-10-03 15:21:38'),
(609, 'nisl nunc nisl duis bibendum felis', 'Sed ante. Vivamus tortor. Duis mattis egestas metus. Aenean fermentum. Donec ut mauris eget massa tempor convallis. Nulla neque libero, convallis eget, eleifend luctus, ultricies eu, nibh. Quisque id justo sit amet sapien dignissim vestibulum.', 0, 529, 4, 2, 227, '2019-03-24 20:34:17'),
(610, 'ipsum praesent blandit lacinia erat vestibulum sed', 'Vivamus tortor. Duis mattis egestas metus.', 0, 158, 5, 93, 245, '2019-09-24 18:54:40'),
(611, 'justo nec', 'Vivamus tortor. Duis mattis egestas metus.', 0, 124, 5, 36, 792, '2019-05-20 21:03:54'),
(612, 'neque sapien placerat ante nulla justo aliquam', 'Fusce lacus purus, aliquet at, feugiat non, pretium quis, lectus. Suspendisse potenti. In eleifend quam a odio. In hac habitasse platea dictumst. Maecenas ut massa quis augue luctus tincidunt.', 0, 298, 5, 15, 899, '2019-08-17 18:35:27'),
(613, 'sapien a', 'Proin eu mi. Nulla ac enim. In tempor, turpis nec euismod scelerisque, quam turpis adipiscing lorem, vitae mattis nibh ligula nec sem.', 0, 529, 2, 73, NULL, '2019-10-05 08:09:49'),
(614, 'rhoncus mauris enim leo rhoncus', 'Praesent blandit lacinia erat. Vestibulum sed magna at nunc commodo placerat. Praesent blandit. Nam nulla. Integer pede justo, lacinia eget, tincidunt eget, tempus vel, pede.', 0, 328, 4, 85, 826, '2020-02-02 09:56:16'),
(615, 'quis libero nullam sit amet turpis elementum ligula', 'Nulla nisl. Nunc nisl. Duis bibendum, felis sed interdum venenatis, turpis enim blandit mi, in porttitor pede justo eu massa.', 1, 417, 1, 4, NULL, '2020-01-26 02:46:32'),
(616, 'arcu libero rutrum ac lobortis', 'Quisque porta volutpat erat. Quisque erat eros, viverra eget, congue eget, semper rutrum, nulla. Nunc purus. Phasellus in felis.', 0, 186, 5, 64, NULL, '2019-11-12 12:37:46'),
(617, 'non mattis pulvinar nulla pede ullamcorper augue a', 'Morbi non lectus. Aliquam sit amet diam in magna bibendum imperdiet. Nullam orci pede, venenatis non, sodales sed, tincidunt eu, felis.', 0, 438, 5, 10, 149, '2019-04-03 18:39:02'),
(618, 'pellentesque ultrices mattis', 'Nulla tellus. In sagittis dui vel nisl. Duis ac nibh. Fusce lacus purus, aliquet at, feugiat non, pretium quis, lectus. Suspendisse potenti. In eleifend quam a odio.', 0, 498, 5, 42, NULL, '2019-06-13 04:58:25'),
(619, 'faucibus orci luctus', 'Sed ante. Vivamus tortor. Duis mattis egestas metus. Aenean fermentum. Donec ut mauris eget massa tempor convallis. Nulla neque libero, convallis eget, eleifend luctus, ultricies eu, nibh. Quisque id justo sit amet sapien dignissim vestibulum.', 0, 332, 2, 87, 335, '2019-08-10 18:48:56'),
(620, 'dapibus augue', 'Maecenas leo odio, condimentum id, luctus nec, molestie sed, justo. Pellentesque viverra pede ac diam. Cras pellentesque volutpat dui. Maecenas tristique, est et tempus semper, est quam pharetra magna, ac consequat metus sapien ut nunc. Vestibulum ante ipsum primis in faucibus orci luctus et ultrices posuere cubilia Curae; Mauris viverra diam vitae quam. Suspendisse potenti.', 0, 546, 5, 25, 849, '2019-08-12 15:47:32'),
(621, 'orci pede', 'Nullam varius. Nulla facilisi. Cras non velit nec nisi vulputate nonummy. Maecenas tincidunt lacus at velit. Vivamus vel nulla eget eros elementum pellentesque. Quisque porta volutpat erat. Quisque erat eros, viverra eget, congue eget, semper rutrum, nulla. Nunc purus.', 0, 179, 4, 19, 282, '2019-08-09 12:04:02'),
(622, 'nunc purus phasellus in felis donec semper sapien', 'Vivamus in felis eu sapien cursus vestibulum. Proin eu mi. Nulla ac enim.', 0, 212, 3, 20, 18, '2020-02-06 11:24:05'),
(623, 'nisl nunc', 'Aenean lectus. Pellentesque eget nunc. Donec quis orci eget orci vehicula condimentum. Curabitur in libero ut massa volutpat convallis. Morbi odio odio, elementum eu, interdum eu, tincidunt in, leo. Maecenas pulvinar lobortis est. Phasellus sit amet erat. Nulla tempus.', 0, 373, 1, 13, 874, '2019-05-28 01:15:46'),
(624, 'eu interdum eu tincidunt in', 'Sed sagittis. Nam congue, risus semper porta volutpat, quam pede lobortis ligula, sit amet eleifend pede libero quis orci. Nullam molestie nibh in lectus. Pellentesque at nulla. Suspendisse potenti. Cras in purus eu magna vulputate luctus. Cum sociis natoque penatibus et magnis dis parturient montes, nascetur ridiculus mus.', 0, 584, 1, 4, 363, '2019-05-30 02:06:50'),
(625, 'ultrices phasellus', 'Nulla nisl. Nunc nisl. Duis bibendum, felis sed interdum venenatis, turpis enim blandit mi, in porttitor pede justo eu massa. Donec dapibus. Duis at velit eu est congue elementum. In hac habitasse platea dictumst. Morbi vestibulum, velit id pretium iaculis, diam erat fermentum justo, nec condimentum neque sapien placerat ante.', 0, 277, 5, 69, 606, '2019-05-21 04:54:31'),
(626, 'ridiculus mus vivamus vestibulum sagittis sapien cum sociis', 'Nam congue, risus semper porta volutpat, quam pede lobortis ligula, sit amet eleifend pede libero quis orci. Nullam molestie nibh in lectus. Pellentesque at nulla. Suspendisse potenti. Cras in purus eu magna vulputate luctus. Cum sociis natoque penatibus et magnis dis parturient montes, nascetur ridiculus mus. Vivamus vestibulum sagittis sapien.', 0, 571, 5, 18, NULL, '2019-07-10 21:06:20'),
(627, 'vel ipsum praesent blandit lacinia erat vestibulum', 'Sed vel enim sit amet nunc viverra dapibus. Nulla suscipit ligula in lacus. Curabitur at ipsum ac tellus semper interdum. Mauris ullamcorper purus sit amet nulla.', 0, 411, 2, 48, 762, '2019-10-25 21:21:49'),
(628, 'praesent blandit nam nulla integer pede justo lacinia', 'Duis consequat dui nec nisi volutpat eleifend. Donec ut dolor. Morbi vel lectus in quam fringilla rhoncus.', 0, 255, 3, 97, 29, '2020-02-10 14:05:04'),
(629, 'vestibulum ante ipsum', 'Morbi non quam nec dui luctus rutrum. Nulla tellus. In sagittis dui vel nisl. Duis ac nibh. Fusce lacus purus, aliquet at, feugiat non, pretium quis, lectus. Suspendisse potenti.', 0, 178, 4, 17, 423, '2019-12-18 14:47:07'),
(630, 'elementum in hac habitasse platea dictumst morbi vestibulum', 'Sed sagittis. Nam congue, risus semper porta volutpat, quam pede lobortis ligula, sit amet eleifend pede libero quis orci. Nullam molestie nibh in lectus. Pellentesque at nulla. Suspendisse potenti.', 0, 295, 4, 33, 832, '2019-08-04 23:08:07'),
(631, 'erat fermentum justo nec condimentum', 'Fusce posuere felis sed lacus. Morbi sem mauris, laoreet ut, rhoncus aliquet, pulvinar sed, nisl. Nunc rhoncus dui vel sem. Sed sagittis. Nam congue, risus semper porta volutpat, quam pede lobortis ligula, sit amet eleifend pede libero quis orci. Nullam molestie nibh in lectus.', 0, 595, 1, 29, 206, '2019-12-10 09:05:48'),
(632, 'pede lobortis ligula sit', 'Nam dui. Proin leo odio, porttitor id, consequat in, consequat ut, nulla. Sed accumsan felis. Ut at dolor quis odio consequat varius.', 0, 124, 1, 84, 48, '2020-02-22 20:20:00'),
(633, 'lectus aliquam sit amet diam in magna bibendum', 'Aenean lectus. Pellentesque eget nunc. Donec quis orci eget orci vehicula condimentum. Curabitur in libero ut massa volutpat convallis. Morbi odio odio, elementum eu, interdum eu, tincidunt in, leo. Maecenas pulvinar lobortis est. Phasellus sit amet erat. Nulla tempus.', 1, 163, 2, 89, NULL, '2019-10-24 19:43:21'),
(634, 'turpis nec euismod scelerisque quam turpis adipiscing lorem', 'Proin eu mi. Nulla ac enim. In tempor, turpis nec euismod scelerisque, quam turpis adipiscing lorem, vitae mattis nibh ligula nec sem. Duis aliquam convallis nunc.', 0, 596, 5, 42, NULL, '2019-03-15 02:51:47'),
(635, 'lobortis sapien sapien non', 'Donec odio justo, sollicitudin ut, suscipit a, feugiat et, eros. Vestibulum ac est lacinia nisi venenatis tristique. Fusce congue, diam id ornare imperdiet, sapien urna pretium nisl, ut volutpat sapien arcu sed augue. Aliquam erat volutpat. In congue. Etiam justo.', 0, 219, 2, 62, 924, '2020-02-06 19:32:19'),
(636, 'ipsum dolor sit amet consectetuer adipiscing elit proin', 'Nulla neque libero, convallis eget, eleifend luctus, ultricies eu, nibh. Quisque id justo sit amet sapien dignissim vestibulum. Vestibulum ante ipsum primis in faucibus orci luctus et ultrices posuere cubilia Curae; Nulla dapibus dolor vel est.', 0, 415, 1, 26, 417, '2019-07-07 15:27:43'),
(637, 'ut suscipit a feugiat et', 'Integer ac neque. Duis bibendum. Morbi non quam nec dui luctus rutrum. Nulla tellus. In sagittis dui vel nisl. Duis ac nibh. Fusce lacus purus, aliquet at, feugiat non, pretium quis, lectus.', 1, 375, 4, 53, NULL, '2019-06-05 12:56:42'),
(638, 'fusce congue diam id ornare imperdiet sapien', 'Fusce lacus purus, aliquet at, feugiat non, pretium quis, lectus. Suspendisse potenti. In eleifend quam a odio. In hac habitasse platea dictumst.', 0, 255, 3, 8, NULL, '2019-11-29 23:31:04'),
(639, 'id sapien in sapien', 'Phasellus in felis. Donec semper sapien a libero. Nam dui.', 0, 167, 1, 68, NULL, '2019-08-24 16:21:24'),
(640, 'sit amet', 'Nullam varius. Nulla facilisi.', 0, 422, 5, 23, 340, '2019-10-09 08:59:03'),
(641, 'orci mauris lacinia', 'Morbi non quam nec dui luctus rutrum. Nulla tellus. In sagittis dui vel nisl. Duis ac nibh. Fusce lacus purus, aliquet at, feugiat non, pretium quis, lectus. Suspendisse potenti. In eleifend quam a odio. In hac habitasse platea dictumst.', 0, 115, 3, 59, NULL, '2019-07-16 21:55:55'),
(642, 'vitae mattis nibh', 'Cras pellentesque volutpat dui. Maecenas tristique, est et tempus semper, est quam pharetra magna, ac consequat metus sapien ut nunc. Vestibulum ante ipsum primis in faucibus orci luctus et ultrices posuere cubilia Curae; Mauris viverra diam vitae quam. Suspendisse potenti. Nullam porttitor lacus at turpis. Donec posuere metus vitae ipsum.', 1, 137, 5, 22, NULL, '2020-02-12 11:54:03'),
(643, 'dolor sit amet consectetuer adipiscing elit', 'Fusce consequat. Nulla nisl. Nunc nisl.', 1, 353, 5, 41, NULL, '2019-11-22 04:56:20'),
(644, 'accumsan felis ut at dolor quis odio', 'Morbi non lectus. Aliquam sit amet diam in magna bibendum imperdiet. Nullam orci pede, venenatis non, sodales sed, tincidunt eu, felis. Fusce posuere felis sed lacus. Morbi sem mauris, laoreet ut, rhoncus aliquet, pulvinar sed, nisl.', 0, 100, 4, 63, 852, '2019-04-04 08:53:39'),
(645, 'lobortis vel dapibus at diam nam tristique tortor', 'Fusce congue, diam id ornare imperdiet, sapien urna pretium nisl, ut volutpat sapien arcu sed augue. Aliquam erat volutpat. In congue. Etiam justo. Etiam pretium iaculis justo. In hac habitasse platea dictumst.', 0, 262, 1, 72, NULL, '2020-01-15 23:12:14'),
(646, 'erat vestibulum sed magna at nunc commodo', 'In hac habitasse platea dictumst. Maecenas ut massa quis augue luctus tincidunt. Nulla mollis molestie lorem. Quisque ut erat. Curabitur gravida nisi at nibh. In hac habitasse platea dictumst. Aliquam augue quam, sollicitudin vitae, consectetuer eget, rutrum at, lorem. Integer tincidunt ante vel ipsum.', 0, 480, 2, 55, 877, '2019-06-30 07:31:33'),
(647, 'condimentum neque sapien placerat', 'Integer pede justo, lacinia eget, tincidunt eget, tempus vel, pede. Morbi porttitor lorem id ligula. Suspendisse ornare consequat lectus. In est risus, auctor sed, tristique in, tempus sit amet, sem. Fusce consequat. Nulla nisl. Nunc nisl. Duis bibendum, felis sed interdum venenatis, turpis enim blandit mi, in porttitor pede justo eu massa.', 0, 106, 5, 36, NULL, '2019-04-08 23:36:24'),
(648, 'nascetur ridiculus mus', 'Nulla nisl. Nunc nisl. Duis bibendum, felis sed interdum venenatis, turpis enim blandit mi, in porttitor pede justo eu massa. Donec dapibus. Duis at velit eu est congue elementum. In hac habitasse platea dictumst.', 0, 190, 1, 99, 830, '2019-06-25 16:43:55'),
(649, 'vestibulum velit id', 'Pellentesque at nulla. Suspendisse potenti. Cras in purus eu magna vulputate luctus. Cum sociis natoque penatibus et magnis dis parturient montes, nascetur ridiculus mus. Vivamus vestibulum sagittis sapien. Cum sociis natoque penatibus et magnis dis parturient montes, nascetur ridiculus mus. Etiam vel augue. Vestibulum rutrum rutrum neque.', 0, 510, 4, 51, 613, '2020-02-02 08:00:06'),
(650, 'eget nunc donec quis', 'In congue. Etiam justo. Etiam pretium iaculis justo. In hac habitasse platea dictumst. Etiam faucibus cursus urna. Ut tellus. Nulla ut erat id mauris vulputate elementum.', 0, 573, 1, 76, 548, '2019-11-15 21:03:04'),
(651, 'cubilia curae mauris viverra diam vitae quam suspendisse', 'Nulla ac enim. In tempor, turpis nec euismod scelerisque, quam turpis adipiscing lorem, vitae mattis nibh ligula nec sem. Duis aliquam convallis nunc. Proin at turpis a pede posuere nonummy. Integer non velit. Donec diam neque, vestibulum eget, vulputate ut, ultrices vel, augue. Vestibulum ante ipsum primis in faucibus orci luctus et ultrices posuere cubilia Curae; Donec pharetra, magna vestibulum aliquet ultrices, erat tortor sollicitudin mi, sit amet lobortis sapien sapien non mi.', 0, 600, 5, 63, 257, '2019-09-18 19:15:19'),
(652, 'nec euismod', 'Vestibulum ante ipsum primis in faucibus orci luctus et ultrices posuere cubilia Curae; Duis faucibus accumsan odio. Curabitur convallis. Duis consequat dui nec nisi volutpat eleifend. Donec ut dolor. Morbi vel lectus in quam fringilla rhoncus. Mauris enim leo, rhoncus sed, vestibulum sit amet, cursus id, turpis.', 0, 200, 5, 39, 88, '2019-04-06 06:19:08'),
(653, 'urna ut tellus nulla ut erat id mauris', 'Donec ut dolor. Morbi vel lectus in quam fringilla rhoncus. Mauris enim leo, rhoncus sed, vestibulum sit amet, cursus id, turpis. Integer aliquet, massa id lobortis convallis, tortor risus dapibus augue, vel accumsan tellus nisi eu orci. Mauris lacinia sapien quis libero. Nullam sit amet turpis elementum ligula vehicula consequat. Morbi a ipsum.', 0, 321, 2, 37, 930, '2019-11-26 03:32:35'),
(654, 'et eros vestibulum ac est lacinia', 'Morbi non quam nec dui luctus rutrum. Nulla tellus. In sagittis dui vel nisl. Duis ac nibh. Fusce lacus purus, aliquet at, feugiat non, pretium quis, lectus. Suspendisse potenti.', 0, 286, 3, 78, 562, '2020-02-25 02:46:10'),
(655, 'rhoncus dui vel sem sed sagittis', 'Integer ac neque. Duis bibendum. Morbi non quam nec dui luctus rutrum. Nulla tellus. In sagittis dui vel nisl. Duis ac nibh.', 0, 254, 5, 67, 250, '2019-03-20 17:02:11'),
(656, 'donec quis orci eget', 'Quisque erat eros, viverra eget, congue eget, semper rutrum, nulla. Nunc purus. Phasellus in felis.', 1, 334, 1, 65, NULL, '2019-07-10 16:27:40'),
(657, 'cubilia curae donec pharetra magna', 'Integer ac leo. Pellentesque ultrices mattis odio. Donec vitae nisi. Nam ultrices, libero non mattis pulvinar, nulla pede ullamcorper augue, a suscipit nulla elit ac nulla. Sed vel enim sit amet nunc viverra dapibus.', 0, 444, 4, 62, 877, '2019-08-24 00:46:40'),
(658, 'erat volutpat in congue', 'Duis ac nibh. Fusce lacus purus, aliquet at, feugiat non, pretium quis, lectus. Suspendisse potenti.', 0, 301, 5, 24, 157, '2019-08-15 09:27:36'),
(659, 'posuere cubilia curae mauris', 'Donec ut mauris eget massa tempor convallis. Nulla neque libero, convallis eget, eleifend luctus, ultricies eu, nibh.', 0, 462, 3, 52, 433, '2019-08-14 10:02:36'),
(660, 'non mattis pulvinar nulla', 'Morbi vestibulum, velit id pretium iaculis, diam erat fermentum justo, nec condimentum neque sapien placerat ante. Nulla justo. Aliquam quis turpis eget elit sodales scelerisque. Mauris sit amet eros.', 0, 459, 5, 2, NULL, '2019-04-07 18:11:02'),
(661, 'faucibus accumsan', 'Integer non velit. Donec diam neque, vestibulum eget, vulputate ut, ultrices vel, augue. Vestibulum ante ipsum primis in faucibus orci luctus et ultrices posuere cubilia Curae; Donec pharetra, magna vestibulum aliquet ultrices, erat tortor sollicitudin mi, sit amet lobortis sapien sapien non mi. Integer ac neque. Duis bibendum. Morbi non quam nec dui luctus rutrum. Nulla tellus.', 0, 477, 2, 36, 631, '2019-08-24 05:51:12'),
(662, 'facilisi cras non velit', 'Donec quis orci eget orci vehicula condimentum. Curabitur in libero ut massa volutpat convallis. Morbi odio odio, elementum eu, interdum eu, tincidunt in, leo. Maecenas pulvinar lobortis est. Phasellus sit amet erat.', 0, 114, 1, 15, 288, '2019-06-13 07:05:33'),
(663, 'varius ut', 'Donec odio justo, sollicitudin ut, suscipit a, feugiat et, eros. Vestibulum ac est lacinia nisi venenatis tristique. Fusce congue, diam id ornare imperdiet, sapien urna pretium nisl, ut volutpat sapien arcu sed augue. Aliquam erat volutpat. In congue. Etiam justo.', 0, 285, 1, 77, 741, '2019-08-08 19:06:45'),
(664, 'aliquam erat volutpat in', 'Etiam faucibus cursus urna. Ut tellus. Nulla ut erat id mauris vulputate elementum.', 0, 128, 5, 74, 984, '2019-06-28 05:26:45'),
(665, 'ipsum ac tellus semper interdum', 'Integer ac leo. Pellentesque ultrices mattis odio. Donec vitae nisi. Nam ultrices, libero non mattis pulvinar, nulla pede ullamcorper augue, a suscipit nulla elit ac nulla. Sed vel enim sit amet nunc viverra dapibus. Nulla suscipit ligula in lacus. Curabitur at ipsum ac tellus semper interdum. Mauris ullamcorper purus sit amet nulla.', 0, 144, 3, 10, 862, '2019-06-04 06:52:03'),
(666, 'quam sollicitudin', 'Nulla ac enim. In tempor, turpis nec euismod scelerisque, quam turpis adipiscing lorem, vitae mattis nibh ligula nec sem. Duis aliquam convallis nunc. Proin at turpis a pede posuere nonummy. Integer non velit. Donec diam neque, vestibulum eget, vulputate ut, ultrices vel, augue. Vestibulum ante ipsum primis in faucibus orci luctus et ultrices posuere cubilia Curae; Donec pharetra, magna vestibulum aliquet ultrices, erat tortor sollicitudin mi, sit amet lobortis sapien sapien non mi.', 0, 432, 1, 10, 731, '2020-01-13 08:44:43'),
(667, 'adipiscing lorem vitae', 'Integer aliquet, massa id lobortis convallis, tortor risus dapibus augue, vel accumsan tellus nisi eu orci. Mauris lacinia sapien quis libero. Nullam sit amet turpis elementum ligula vehicula consequat.', 0, 205, 2, 68, 318, '2019-08-11 07:12:16'),
(668, 'aliquam convallis nunc', 'Aenean sit amet justo. Morbi ut odio. Cras mi pede, malesuada in, imperdiet et, commodo vulputate, justo. In blandit ultrices enim. Lorem ipsum dolor sit amet, consectetuer adipiscing elit. Proin interdum mauris non ligula pellentesque ultrices. Phasellus id sapien in sapien iaculis congue. Vivamus metus arcu, adipiscing molestie, hendrerit at, vulputate vitae, nisl.', 0, 185, 2, 17, 481, '2019-04-14 19:50:42'),
(669, 'accumsan odio curabitur convallis', 'Vestibulum ante ipsum primis in faucibus orci luctus et ultrices posuere cubilia Curae; Duis faucibus accumsan odio. Curabitur convallis. Duis consequat dui nec nisi volutpat eleifend.', 1, 594, 5, 51, NULL, '2020-01-04 09:45:00'),
(670, 'pede lobortis', 'In hac habitasse platea dictumst. Etiam faucibus cursus urna. Ut tellus. Nulla ut erat id mauris vulputate elementum. Nullam varius. Nulla facilisi.', 1, 547, 3, 61, NULL, '2019-11-13 17:31:54'),
(671, 'habitasse platea', 'Proin eu mi. Nulla ac enim. In tempor, turpis nec euismod scelerisque, quam turpis adipiscing lorem, vitae mattis nibh ligula nec sem. Duis aliquam convallis nunc. Proin at turpis a pede posuere nonummy. Integer non velit. Donec diam neque, vestibulum eget, vulputate ut, ultrices vel, augue.', 0, 245, 3, 2, NULL, '2019-12-16 08:02:47'),
(672, 'at nunc commodo placerat praesent blandit nam', 'Suspendisse ornare consequat lectus. In est risus, auctor sed, tristique in, tempus sit amet, sem. Fusce consequat. Nulla nisl. Nunc nisl. Duis bibendum, felis sed interdum venenatis, turpis enim blandit mi, in porttitor pede justo eu massa. Donec dapibus.', 0, 490, 4, 26, NULL, '2019-12-11 15:55:02'),
(673, 'sit amet eros suspendisse accumsan', 'Curabitur gravida nisi at nibh. In hac habitasse platea dictumst. Aliquam augue quam, sollicitudin vitae, consectetuer eget, rutrum at, lorem. Integer tincidunt ante vel ipsum. Praesent blandit lacinia erat. Vestibulum sed magna at nunc commodo placerat. Praesent blandit. Nam nulla.', 0, 449, 3, 38, 97, '2019-03-06 16:42:04'),
(674, 'faucibus orci luctus et ultrices posuere cubilia curae', 'Aliquam non mauris. Morbi non lectus. Aliquam sit amet diam in magna bibendum imperdiet. Nullam orci pede, venenatis non, sodales sed, tincidunt eu, felis.', 0, 539, 1, 88, 524, '2019-10-05 18:47:01'),
(675, 'vestibulum proin eu mi', 'Lorem ipsum dolor sit amet, consectetuer adipiscing elit. Proin interdum mauris non ligula pellentesque ultrices. Phasellus id sapien in sapien iaculis congue. Vivamus metus arcu, adipiscing molestie, hendrerit at, vulputate vitae, nisl. Aenean lectus.', 0, 231, 3, 98, 544, '2019-06-15 17:07:17'),
(676, 'neque libero convallis eget eleifend', 'Morbi ut odio. Cras mi pede, malesuada in, imperdiet et, commodo vulputate, justo. In blandit ultrices enim. Lorem ipsum dolor sit amet, consectetuer adipiscing elit. Proin interdum mauris non ligula pellentesque ultrices.', 0, 351, 1, 81, 989, '2019-11-21 11:20:17'),
(677, 'ipsum dolor sit amet consectetuer adipiscing', 'Pellentesque at nulla. Suspendisse potenti. Cras in purus eu magna vulputate luctus.', 0, 505, 1, 95, 429, '2019-10-22 15:36:17'),
(678, 'mattis egestas metus aenean', 'Aliquam quis turpis eget elit sodales scelerisque. Mauris sit amet eros. Suspendisse accumsan tortor quis turpis. Sed ante. Vivamus tortor. Duis mattis egestas metus. Aenean fermentum.', 0, 392, 2, 3, 709, '2019-04-05 16:56:34'),
(679, 'convallis nulla neque', 'Donec posuere metus vitae ipsum. Aliquam non mauris. Morbi non lectus. Aliquam sit amet diam in magna bibendum imperdiet. Nullam orci pede, venenatis non, sodales sed, tincidunt eu, felis. Fusce posuere felis sed lacus.', 0, 484, 1, 17, 97, '2019-11-18 01:38:43'),
(680, 'semper rutrum', 'In hac habitasse platea dictumst. Etiam faucibus cursus urna. Ut tellus.', 0, 128, 4, 62, 841, '2019-09-11 15:55:27');
INSERT INTO `posts` (`id`, `title`, `body`, `has_img`, `views`, `category`, `author`, `replying_to`, `creation_date`) VALUES
(681, 'nulla facilisi cras', 'Fusce posuere felis sed lacus. Morbi sem mauris, laoreet ut, rhoncus aliquet, pulvinar sed, nisl. Nunc rhoncus dui vel sem. Sed sagittis. Nam congue, risus semper porta volutpat, quam pede lobortis ligula, sit amet eleifend pede libero quis orci. Nullam molestie nibh in lectus. Pellentesque at nulla. Suspendisse potenti.', 0, 588, 4, 21, 384, '2019-11-19 03:31:16'),
(682, 'semper rutrum nulla nunc purus phasellus in', 'Etiam faucibus cursus urna. Ut tellus. Nulla ut erat id mauris vulputate elementum. Nullam varius. Nulla facilisi.', 0, 297, 4, 42, 304, '2019-07-16 19:32:29'),
(683, 'enim blandit mi in porttitor pede justo', 'Pellentesque ultrices mattis odio. Donec vitae nisi. Nam ultrices, libero non mattis pulvinar, nulla pede ullamcorper augue, a suscipit nulla elit ac nulla.', 0, 429, 5, 75, 837, '2019-07-12 01:44:02'),
(684, 'ut suscipit a feugiat et eros vestibulum ac', 'Nunc purus. Phasellus in felis. Donec semper sapien a libero. Nam dui.', 1, 167, 4, 25, NULL, '2019-05-01 12:09:26'),
(685, 'viverra diam vitae quam suspendisse potenti', 'Nam congue, risus semper porta volutpat, quam pede lobortis ligula, sit amet eleifend pede libero quis orci. Nullam molestie nibh in lectus. Pellentesque at nulla.', 1, 519, 3, 28, NULL, '2019-03-07 02:44:28'),
(686, 'nunc commodo placerat', 'Vestibulum sed magna at nunc commodo placerat. Praesent blandit. Nam nulla. Integer pede justo, lacinia eget, tincidunt eget, tempus vel, pede. Morbi porttitor lorem id ligula. Suspendisse ornare consequat lectus. In est risus, auctor sed, tristique in, tempus sit amet, sem.', 0, 261, 2, 65, 78, '2019-12-13 02:56:20'),
(687, 'volutpat erat quisque erat eros', 'Donec ut dolor. Morbi vel lectus in quam fringilla rhoncus.', 0, 121, 4, 78, 488, '2019-07-20 03:46:04'),
(688, 'vestibulum velit id pretium iaculis', 'Vestibulum ante ipsum primis in faucibus orci luctus et ultrices posuere cubilia Curae; Duis faucibus accumsan odio. Curabitur convallis.', 1, 387, 1, 73, NULL, '2019-09-15 08:06:34'),
(689, 'vivamus vel nulla eget eros', 'Mauris lacinia sapien quis libero. Nullam sit amet turpis elementum ligula vehicula consequat. Morbi a ipsum. Integer a nibh. In quis justo.', 0, 254, 2, 73, 556, '2019-04-15 19:07:50'),
(690, 'mattis odio donec vitae nisi nam ultrices libero', 'Vivamus metus arcu, adipiscing molestie, hendrerit at, vulputate vitae, nisl. Aenean lectus. Pellentesque eget nunc.', 0, 280, 4, 22, 580, '2019-08-08 13:50:47'),
(691, 'eu est congue elementum', 'Proin eu mi. Nulla ac enim. In tempor, turpis nec euismod scelerisque, quam turpis adipiscing lorem, vitae mattis nibh ligula nec sem. Duis aliquam convallis nunc.', 0, 405, 5, 75, NULL, '2019-04-04 16:22:29'),
(692, 'in congue etiam', 'Integer non velit. Donec diam neque, vestibulum eget, vulputate ut, ultrices vel, augue. Vestibulum ante ipsum primis in faucibus orci luctus et ultrices posuere cubilia Curae; Donec pharetra, magna vestibulum aliquet ultrices, erat tortor sollicitudin mi, sit amet lobortis sapien sapien non mi. Integer ac neque. Duis bibendum. Morbi non quam nec dui luctus rutrum. Nulla tellus.', 0, 295, 5, 16, 483, '2019-04-01 06:36:07'),
(693, 'dictumst aliquam', 'Integer ac leo. Pellentesque ultrices mattis odio.', 0, 399, 4, 71, 921, '2019-10-13 03:59:06'),
(694, 'vel augue vestibulum', 'Pellentesque ultrices mattis odio. Donec vitae nisi. Nam ultrices, libero non mattis pulvinar, nulla pede ullamcorper augue, a suscipit nulla elit ac nulla. Sed vel enim sit amet nunc viverra dapibus.', 0, 436, 3, 33, NULL, '2020-01-19 18:49:22'),
(695, 'quis lectus suspendisse potenti in', 'In quis justo. Maecenas rhoncus aliquam lacus. Morbi quis tortor id nulla ultrices aliquet. Maecenas leo odio, condimentum id, luctus nec, molestie sed, justo.', 0, 253, 2, 11, 837, '2019-05-06 21:17:55'),
(696, 'blandit nam nulla integer pede justo lacinia', 'Donec odio justo, sollicitudin ut, suscipit a, feugiat et, eros. Vestibulum ac est lacinia nisi venenatis tristique. Fusce congue, diam id ornare imperdiet, sapien urna pretium nisl, ut volutpat sapien arcu sed augue. Aliquam erat volutpat.', 0, 446, 3, 30, 14, '2019-03-09 13:10:20'),
(697, 'proin risus praesent lectus vestibulum', 'Vestibulum quam sapien, varius ut, blandit non, interdum in, ante. Vestibulum ante ipsum primis in faucibus orci luctus et ultrices posuere cubilia Curae; Duis faucibus accumsan odio.', 0, 491, 1, 78, 346, '2020-02-21 03:32:10'),
(698, 'nibh fusce lacus purus aliquet at feugiat', 'Donec dapibus. Duis at velit eu est congue elementum. In hac habitasse platea dictumst.', 0, 173, 4, 56, 230, '2019-07-18 12:38:44'),
(699, 'rutrum ac lobortis vel dapibus', 'Vivamus metus arcu, adipiscing molestie, hendrerit at, vulputate vitae, nisl. Aenean lectus. Pellentesque eget nunc. Donec quis orci eget orci vehicula condimentum. Curabitur in libero ut massa volutpat convallis. Morbi odio odio, elementum eu, interdum eu, tincidunt in, leo. Maecenas pulvinar lobortis est. Phasellus sit amet erat.', 0, 346, 5, 28, 823, '2019-07-01 13:29:42'),
(700, 'habitasse platea dictumst maecenas ut', 'Lorem ipsum dolor sit amet, consectetuer adipiscing elit. Proin interdum mauris non ligula pellentesque ultrices. Phasellus id sapien in sapien iaculis congue. Vivamus metus arcu, adipiscing molestie, hendrerit at, vulputate vitae, nisl.', 1, 431, 5, 17, NULL, '2019-07-16 07:30:21'),
(701, 'cras pellentesque volutpat dui maecenas tristique', 'Vestibulum ante ipsum primis in faucibus orci luctus et ultrices posuere cubilia Curae; Nulla dapibus dolor vel est. Donec odio justo, sollicitudin ut, suscipit a, feugiat et, eros. Vestibulum ac est lacinia nisi venenatis tristique. Fusce congue, diam id ornare imperdiet, sapien urna pretium nisl, ut volutpat sapien arcu sed augue. Aliquam erat volutpat. In congue. Etiam justo. Etiam pretium iaculis justo.', 0, 598, 1, 84, 921, '2019-08-28 08:35:43'),
(702, 'parturient montes nascetur ridiculus mus vivamus vestibulum', 'Proin at turpis a pede posuere nonummy. Integer non velit. Donec diam neque, vestibulum eget, vulputate ut, ultrices vel, augue. Vestibulum ante ipsum primis in faucibus orci luctus et ultrices posuere cubilia Curae; Donec pharetra, magna vestibulum aliquet ultrices, erat tortor sollicitudin mi, sit amet lobortis sapien sapien non mi. Integer ac neque.', 0, 465, 3, 97, 804, '2019-04-04 19:27:47'),
(703, 'orci luctus et ultrices posuere', 'Morbi odio odio, elementum eu, interdum eu, tincidunt in, leo. Maecenas pulvinar lobortis est. Phasellus sit amet erat.', 0, 128, 1, 94, 455, '2019-09-25 02:53:53'),
(704, 'suspendisse potenti', 'Nulla tellus. In sagittis dui vel nisl. Duis ac nibh. Fusce lacus purus, aliquet at, feugiat non, pretium quis, lectus. Suspendisse potenti. In eleifend quam a odio. In hac habitasse platea dictumst. Maecenas ut massa quis augue luctus tincidunt.', 0, 576, 1, 70, 793, '2019-04-25 04:39:26'),
(705, 'libero quis orci nullam', 'Duis at velit eu est congue elementum. In hac habitasse platea dictumst. Morbi vestibulum, velit id pretium iaculis, diam erat fermentum justo, nec condimentum neque sapien placerat ante. Nulla justo. Aliquam quis turpis eget elit sodales scelerisque. Mauris sit amet eros. Suspendisse accumsan tortor quis turpis. Sed ante.', 0, 130, 5, 13, 72, '2019-02-26 09:04:49'),
(706, 'lorem integer tincidunt ante vel', 'Maecenas ut massa quis augue luctus tincidunt. Nulla mollis molestie lorem.', 0, 515, 2, 1, 232, '2019-09-26 20:03:15'),
(707, 'suspendisse ornare consequat lectus', 'Integer a nibh. In quis justo. Maecenas rhoncus aliquam lacus. Morbi quis tortor id nulla ultrices aliquet. Maecenas leo odio, condimentum id, luctus nec, molestie sed, justo. Pellentesque viverra pede ac diam.', 1, 119, 2, 47, NULL, '2019-04-17 20:46:25'),
(708, 'fermentum justo nec condimentum', 'Phasellus sit amet erat. Nulla tempus. Vivamus in felis eu sapien cursus vestibulum. Proin eu mi. Nulla ac enim. In tempor, turpis nec euismod scelerisque, quam turpis adipiscing lorem, vitae mattis nibh ligula nec sem. Duis aliquam convallis nunc. Proin at turpis a pede posuere nonummy.', 0, 317, 2, 55, 409, '2019-09-29 10:44:54'),
(709, 'rhoncus aliquet pulvinar sed nisl', 'Vestibulum quam sapien, varius ut, blandit non, interdum in, ante. Vestibulum ante ipsum primis in faucibus orci luctus et ultrices posuere cubilia Curae; Duis faucibus accumsan odio. Curabitur convallis. Duis consequat dui nec nisi volutpat eleifend. Donec ut dolor. Morbi vel lectus in quam fringilla rhoncus.', 0, 491, 3, 61, 317, '2020-01-18 03:20:52'),
(710, 'sapien dignissim vestibulum', 'Vivamus vel nulla eget eros elementum pellentesque. Quisque porta volutpat erat.', 0, 491, 2, 86, 779, '2020-02-09 01:04:53'),
(711, 'odio justo sollicitudin', 'Vestibulum ante ipsum primis in faucibus orci luctus et ultrices posuere cubilia Curae; Nulla dapibus dolor vel est. Donec odio justo, sollicitudin ut, suscipit a, feugiat et, eros. Vestibulum ac est lacinia nisi venenatis tristique. Fusce congue, diam id ornare imperdiet, sapien urna pretium nisl, ut volutpat sapien arcu sed augue.', 1, 118, 5, 76, NULL, '2019-10-17 22:24:54'),
(712, 'enim blandit mi in porttitor pede justo eu', 'Curabitur gravida nisi at nibh. In hac habitasse platea dictumst. Aliquam augue quam, sollicitudin vitae, consectetuer eget, rutrum at, lorem. Integer tincidunt ante vel ipsum. Praesent blandit lacinia erat. Vestibulum sed magna at nunc commodo placerat.', 0, 572, 4, 79, 671, '2019-04-30 10:04:49'),
(713, 'turpis sed', 'Duis aliquam convallis nunc. Proin at turpis a pede posuere nonummy.', 0, 519, 4, 48, 263, '2019-10-15 13:25:42'),
(714, 'nulla neque libero', 'Praesent lectus. Vestibulum quam sapien, varius ut, blandit non, interdum in, ante. Vestibulum ante ipsum primis in faucibus orci luctus et ultrices posuere cubilia Curae; Duis faucibus accumsan odio.', 0, 135, 2, 71, 998, '2019-12-21 11:35:58'),
(715, 'sapien a libero nam dui proin leo odio', 'Donec semper sapien a libero. Nam dui. Proin leo odio, porttitor id, consequat in, consequat ut, nulla. Sed accumsan felis. Ut at dolor quis odio consequat varius. Integer ac leo. Pellentesque ultrices mattis odio.', 0, 480, 2, 73, 366, '2019-10-28 00:41:34'),
(716, 'in eleifend quam a odio in', 'Nam congue, risus semper porta volutpat, quam pede lobortis ligula, sit amet eleifend pede libero quis orci. Nullam molestie nibh in lectus. Pellentesque at nulla. Suspendisse potenti. Cras in purus eu magna vulputate luctus. Cum sociis natoque penatibus et magnis dis parturient montes, nascetur ridiculus mus.', 0, 200, 5, 97, 278, '2019-06-26 04:25:46'),
(717, 'dolor sit amet consectetuer adipiscing elit', 'Aliquam sit amet diam in magna bibendum imperdiet. Nullam orci pede, venenatis non, sodales sed, tincidunt eu, felis. Fusce posuere felis sed lacus. Morbi sem mauris, laoreet ut, rhoncus aliquet, pulvinar sed, nisl.', 0, 537, 5, 91, 448, '2019-07-08 01:48:00'),
(718, 'duis faucibus accumsan', 'Mauris sit amet eros. Suspendisse accumsan tortor quis turpis. Sed ante. Vivamus tortor. Duis mattis egestas metus. Aenean fermentum.', 0, 443, 2, 85, 126, '2020-02-23 01:19:05'),
(719, 'diam vitae', 'Ut at dolor quis odio consequat varius. Integer ac leo.', 0, 333, 2, 22, 969, '2019-09-02 18:27:48'),
(720, 'nulla sed', 'Donec semper sapien a libero. Nam dui. Proin leo odio, porttitor id, consequat in, consequat ut, nulla. Sed accumsan felis. Ut at dolor quis odio consequat varius. Integer ac leo.', 0, 588, 4, 96, 969, '2019-03-12 11:05:37'),
(721, 'donec semper sapien a libero nam dui proin', 'Cras pellentesque volutpat dui. Maecenas tristique, est et tempus semper, est quam pharetra magna, ac consequat metus sapien ut nunc. Vestibulum ante ipsum primis in faucibus orci luctus et ultrices posuere cubilia Curae; Mauris viverra diam vitae quam. Suspendisse potenti. Nullam porttitor lacus at turpis. Donec posuere metus vitae ipsum.', 0, 584, 1, 74, NULL, '2019-07-16 00:08:29'),
(722, 'nascetur ridiculus', 'Integer non velit. Donec diam neque, vestibulum eget, vulputate ut, ultrices vel, augue. Vestibulum ante ipsum primis in faucibus orci luctus et ultrices posuere cubilia Curae; Donec pharetra, magna vestibulum aliquet ultrices, erat tortor sollicitudin mi, sit amet lobortis sapien sapien non mi. Integer ac neque. Duis bibendum. Morbi non quam nec dui luctus rutrum.', 0, 297, 5, 12, 36, '2019-07-08 22:23:08'),
(723, 'ut erat curabitur', 'Vivamus in felis eu sapien cursus vestibulum. Proin eu mi.', 0, 291, 4, 79, 907, '2019-09-12 09:25:24'),
(724, 'dolor sit amet consectetuer adipiscing elit proin', 'Suspendisse accumsan tortor quis turpis. Sed ante. Vivamus tortor. Duis mattis egestas metus. Aenean fermentum. Donec ut mauris eget massa tempor convallis.', 0, 294, 2, 89, 135, '2019-04-13 21:03:06'),
(725, 'volutpat in congue etiam justo etiam', 'Praesent blandit lacinia erat. Vestibulum sed magna at nunc commodo placerat. Praesent blandit. Nam nulla. Integer pede justo, lacinia eget, tincidunt eget, tempus vel, pede. Morbi porttitor lorem id ligula. Suspendisse ornare consequat lectus.', 0, 123, 3, 98, 823, '2019-12-29 16:29:06'),
(726, 'amet lobortis sapien', 'Duis at velit eu est congue elementum. In hac habitasse platea dictumst. Morbi vestibulum, velit id pretium iaculis, diam erat fermentum justo, nec condimentum neque sapien placerat ante. Nulla justo. Aliquam quis turpis eget elit sodales scelerisque. Mauris sit amet eros. Suspendisse accumsan tortor quis turpis. Sed ante.', 1, 272, 3, 72, NULL, '2019-10-09 21:10:27'),
(727, 'id nulla', 'Donec ut mauris eget massa tempor convallis. Nulla neque libero, convallis eget, eleifend luctus, ultricies eu, nibh. Quisque id justo sit amet sapien dignissim vestibulum. Vestibulum ante ipsum primis in faucibus orci luctus et ultrices posuere cubilia Curae; Nulla dapibus dolor vel est. Donec odio justo, sollicitudin ut, suscipit a, feugiat et, eros.', 0, 267, 4, 10, 986, '2019-03-28 22:28:33'),
(728, 'diam cras', 'Duis mattis egestas metus. Aenean fermentum. Donec ut mauris eget massa tempor convallis. Nulla neque libero, convallis eget, eleifend luctus, ultricies eu, nibh. Quisque id justo sit amet sapien dignissim vestibulum. Vestibulum ante ipsum primis in faucibus orci luctus et ultrices posuere cubilia Curae; Nulla dapibus dolor vel est.', 0, 539, 4, 100, 925, '2019-12-31 09:36:12'),
(729, 'mi pede', 'Vivamus vel nulla eget eros elementum pellentesque. Quisque porta volutpat erat. Quisque erat eros, viverra eget, congue eget, semper rutrum, nulla. Nunc purus. Phasellus in felis. Donec semper sapien a libero.', 0, 127, 1, 100, NULL, '2019-09-01 00:18:09'),
(730, 'pede ac diam cras', 'Donec ut mauris eget massa tempor convallis. Nulla neque libero, convallis eget, eleifend luctus, ultricies eu, nibh. Quisque id justo sit amet sapien dignissim vestibulum. Vestibulum ante ipsum primis in faucibus orci luctus et ultrices posuere cubilia Curae; Nulla dapibus dolor vel est. Donec odio justo, sollicitudin ut, suscipit a, feugiat et, eros. Vestibulum ac est lacinia nisi venenatis tristique. Fusce congue, diam id ornare imperdiet, sapien urna pretium nisl, ut volutpat sapien arcu sed augue.', 0, 307, 5, 63, 422, '2019-11-11 01:31:24'),
(731, 'in lectus pellentesque', 'Cras non velit nec nisi vulputate nonummy. Maecenas tincidunt lacus at velit. Vivamus vel nulla eget eros elementum pellentesque. Quisque porta volutpat erat. Quisque erat eros, viverra eget, congue eget, semper rutrum, nulla. Nunc purus.', 1, 164, 4, 8, NULL, '2019-10-26 15:09:38'),
(732, 'odio justo', 'Vivamus in felis eu sapien cursus vestibulum. Proin eu mi. Nulla ac enim. In tempor, turpis nec euismod scelerisque, quam turpis adipiscing lorem, vitae mattis nibh ligula nec sem.', 0, 388, 2, 80, 210, '2019-06-18 21:34:40'),
(733, 'magna at nunc', 'Duis consequat dui nec nisi volutpat eleifend. Donec ut dolor. Morbi vel lectus in quam fringilla rhoncus. Mauris enim leo, rhoncus sed, vestibulum sit amet, cursus id, turpis.', 0, 591, 4, 81, NULL, '2020-01-04 15:16:50'),
(734, 'quisque erat eros viverra eget congue eget', 'Proin leo odio, porttitor id, consequat in, consequat ut, nulla. Sed accumsan felis. Ut at dolor quis odio consequat varius.', 0, 295, 1, 75, 34, '2019-03-08 13:37:38'),
(735, 'accumsan felis ut at dolor', 'Maecenas tristique, est et tempus semper, est quam pharetra magna, ac consequat metus sapien ut nunc. Vestibulum ante ipsum primis in faucibus orci luctus et ultrices posuere cubilia Curae; Mauris viverra diam vitae quam. Suspendisse potenti. Nullam porttitor lacus at turpis. Donec posuere metus vitae ipsum. Aliquam non mauris.', 0, 309, 1, 28, 327, '2019-03-14 10:46:06'),
(736, 'magna vulputate luctus cum sociis natoque penatibus', 'In hac habitasse platea dictumst. Etiam faucibus cursus urna. Ut tellus. Nulla ut erat id mauris vulputate elementum. Nullam varius. Nulla facilisi. Cras non velit nec nisi vulputate nonummy.', 1, 333, 1, 69, NULL, '2019-09-06 18:19:53'),
(737, 'nonummy integer non velit donec diam', 'Donec vitae nisi. Nam ultrices, libero non mattis pulvinar, nulla pede ullamcorper augue, a suscipit nulla elit ac nulla. Sed vel enim sit amet nunc viverra dapibus.', 0, 435, 2, 1, 811, '2019-05-17 07:40:54'),
(738, 'a nibh in', 'Lorem ipsum dolor sit amet, consectetuer adipiscing elit. Proin interdum mauris non ligula pellentesque ultrices.', 0, 193, 3, 4, NULL, '2019-09-22 19:31:32'),
(739, 'sed augue aliquam erat volutpat in', 'Vivamus vel nulla eget eros elementum pellentesque. Quisque porta volutpat erat. Quisque erat eros, viverra eget, congue eget, semper rutrum, nulla. Nunc purus.', 0, 104, 4, 48, 545, '2019-09-11 18:41:05'),
(740, 'eu magna vulputate luctus cum sociis', 'Vestibulum ante ipsum primis in faucibus orci luctus et ultrices posuere cubilia Curae; Nulla dapibus dolor vel est. Donec odio justo, sollicitudin ut, suscipit a, feugiat et, eros. Vestibulum ac est lacinia nisi venenatis tristique. Fusce congue, diam id ornare imperdiet, sapien urna pretium nisl, ut volutpat sapien arcu sed augue. Aliquam erat volutpat.', 0, 512, 5, 2, 992, '2019-04-01 21:04:09'),
(741, 'quis turpis sed ante vivamus tortor', 'Vestibulum ante ipsum primis in faucibus orci luctus et ultrices posuere cubilia Curae; Donec pharetra, magna vestibulum aliquet ultrices, erat tortor sollicitudin mi, sit amet lobortis sapien sapien non mi. Integer ac neque. Duis bibendum. Morbi non quam nec dui luctus rutrum. Nulla tellus. In sagittis dui vel nisl. Duis ac nibh.', 0, 314, 5, 37, NULL, '2019-09-12 14:50:19'),
(742, 'pretium nisl ut volutpat', 'Donec vitae nisi. Nam ultrices, libero non mattis pulvinar, nulla pede ullamcorper augue, a suscipit nulla elit ac nulla. Sed vel enim sit amet nunc viverra dapibus. Nulla suscipit ligula in lacus. Curabitur at ipsum ac tellus semper interdum. Mauris ullamcorper purus sit amet nulla.', 0, 324, 1, 71, 859, '2019-09-29 04:16:27'),
(743, 'lacinia erat vestibulum sed magna', 'Vestibulum ante ipsum primis in faucibus orci luctus et ultrices posuere cubilia Curae; Duis faucibus accumsan odio. Curabitur convallis. Duis consequat dui nec nisi volutpat eleifend. Donec ut dolor.', 0, 214, 2, 58, NULL, '2019-12-02 17:12:22'),
(744, 'augue luctus tincidunt nulla', 'In hac habitasse platea dictumst. Aliquam augue quam, sollicitudin vitae, consectetuer eget, rutrum at, lorem. Integer tincidunt ante vel ipsum. Praesent blandit lacinia erat. Vestibulum sed magna at nunc commodo placerat. Praesent blandit.', 0, 396, 4, 34, 114, '2019-07-25 23:40:03'),
(745, 'lacus purus aliquet at', 'Donec posuere metus vitae ipsum. Aliquam non mauris. Morbi non lectus. Aliquam sit amet diam in magna bibendum imperdiet. Nullam orci pede, venenatis non, sodales sed, tincidunt eu, felis. Fusce posuere felis sed lacus. Morbi sem mauris, laoreet ut, rhoncus aliquet, pulvinar sed, nisl. Nunc rhoncus dui vel sem.', 0, 466, 3, 37, NULL, '2020-02-14 22:56:09'),
(746, 'erat quisque erat eros viverra eget congue', 'Nam congue, risus semper porta volutpat, quam pede lobortis ligula, sit amet eleifend pede libero quis orci. Nullam molestie nibh in lectus. Pellentesque at nulla. Suspendisse potenti. Cras in purus eu magna vulputate luctus.', 0, 548, 3, 91, 310, '2019-04-05 08:58:57'),
(747, 'nulla nunc purus phasellus', 'Nam congue, risus semper porta volutpat, quam pede lobortis ligula, sit amet eleifend pede libero quis orci. Nullam molestie nibh in lectus. Pellentesque at nulla.', 0, 593, 2, 95, 448, '2019-12-29 13:49:37'),
(748, 'ut blandit non interdum in ante vestibulum', 'Proin at turpis a pede posuere nonummy. Integer non velit. Donec diam neque, vestibulum eget, vulputate ut, ultrices vel, augue.', 0, 246, 5, 22, 79, '2019-08-01 19:25:23'),
(749, 'libero nam dui', 'Nulla ut erat id mauris vulputate elementum. Nullam varius.', 0, 290, 2, 99, 652, '2020-02-18 02:19:41'),
(750, 'lectus aliquam sit', 'Integer tincidunt ante vel ipsum. Praesent blandit lacinia erat.', 0, 334, 4, 58, 228, '2019-07-02 16:49:46'),
(751, 'tristique in tempus', 'Proin at turpis a pede posuere nonummy. Integer non velit. Donec diam neque, vestibulum eget, vulputate ut, ultrices vel, augue. Vestibulum ante ipsum primis in faucibus orci luctus et ultrices posuere cubilia Curae; Donec pharetra, magna vestibulum aliquet ultrices, erat tortor sollicitudin mi, sit amet lobortis sapien sapien non mi. Integer ac neque.', 0, 286, 1, 99, 713, '2019-08-19 20:15:02'),
(752, 'ut ultrices vel augue vestibulum', 'Aenean lectus. Pellentesque eget nunc. Donec quis orci eget orci vehicula condimentum. Curabitur in libero ut massa volutpat convallis.', 0, 547, 1, 20, 900, '2019-12-04 17:19:46'),
(753, 'consequat dui nec nisi volutpat eleifend', 'Donec diam neque, vestibulum eget, vulputate ut, ultrices vel, augue. Vestibulum ante ipsum primis in faucibus orci luctus et ultrices posuere cubilia Curae; Donec pharetra, magna vestibulum aliquet ultrices, erat tortor sollicitudin mi, sit amet lobortis sapien sapien non mi. Integer ac neque.', 0, 481, 1, 37, 45, '2020-01-13 10:29:32'),
(754, 'porta volutpat erat quisque erat eros viverra', 'Curabitur convallis. Duis consequat dui nec nisi volutpat eleifend.', 0, 576, 5, 5, 663, '2019-06-09 04:35:02'),
(755, 'vitae nisi nam', 'Nulla ac enim. In tempor, turpis nec euismod scelerisque, quam turpis adipiscing lorem, vitae mattis nibh ligula nec sem. Duis aliquam convallis nunc. Proin at turpis a pede posuere nonummy.', 0, 532, 1, 29, 525, '2020-02-07 06:48:01'),
(756, 'ipsum ac tellus semper interdum mauris ullamcorper', 'Fusce consequat. Nulla nisl. Nunc nisl. Duis bibendum, felis sed interdum venenatis, turpis enim blandit mi, in porttitor pede justo eu massa. Donec dapibus. Duis at velit eu est congue elementum.', 0, 544, 4, 55, 142, '2019-04-12 01:46:00'),
(757, 'felis donec semper sapien a libero', 'In sagittis dui vel nisl. Duis ac nibh. Fusce lacus purus, aliquet at, feugiat non, pretium quis, lectus. Suspendisse potenti. In eleifend quam a odio. In hac habitasse platea dictumst.', 0, 595, 5, 60, 263, '2019-07-16 04:51:16'),
(758, 'turpis adipiscing lorem vitae', 'Fusce posuere felis sed lacus. Morbi sem mauris, laoreet ut, rhoncus aliquet, pulvinar sed, nisl. Nunc rhoncus dui vel sem. Sed sagittis. Nam congue, risus semper porta volutpat, quam pede lobortis ligula, sit amet eleifend pede libero quis orci. Nullam molestie nibh in lectus.', 0, 126, 5, 47, NULL, '2019-05-14 23:36:12'),
(759, 'iaculis diam erat fermentum justo nec condimentum', 'Praesent lectus. Vestibulum quam sapien, varius ut, blandit non, interdum in, ante. Vestibulum ante ipsum primis in faucibus orci luctus et ultrices posuere cubilia Curae; Duis faucibus accumsan odio.', 0, 285, 4, 41, 362, '2019-05-08 22:17:38'),
(760, 'condimentum neque', 'Donec dapibus. Duis at velit eu est congue elementum. In hac habitasse platea dictumst. Morbi vestibulum, velit id pretium iaculis, diam erat fermentum justo, nec condimentum neque sapien placerat ante. Nulla justo. Aliquam quis turpis eget elit sodales scelerisque. Mauris sit amet eros.', 0, 568, 5, 41, 901, '2020-01-24 01:56:56'),
(761, 'nisl nunc rhoncus dui', 'Integer ac neque. Duis bibendum. Morbi non quam nec dui luctus rutrum. Nulla tellus. In sagittis dui vel nisl.', 1, 411, 5, 28, NULL, '2019-07-23 14:57:16'),
(762, 'vel nulla eget eros elementum', 'Morbi porttitor lorem id ligula. Suspendisse ornare consequat lectus. In est risus, auctor sed, tristique in, tempus sit amet, sem.', 1, 436, 3, 84, NULL, '2020-01-02 13:48:59'),
(763, 'in faucibus orci', 'In hac habitasse platea dictumst. Maecenas ut massa quis augue luctus tincidunt. Nulla mollis molestie lorem. Quisque ut erat.', 0, 501, 4, 86, 265, '2019-09-01 13:49:01'),
(764, 'nam congue risus semper porta volutpat quam', 'Aliquam quis turpis eget elit sodales scelerisque. Mauris sit amet eros. Suspendisse accumsan tortor quis turpis. Sed ante. Vivamus tortor. Duis mattis egestas metus.', 0, 293, 1, 41, 991, '2019-11-08 04:47:53'),
(765, 'orci mauris lacinia sapien quis libero', 'Suspendisse potenti. Cras in purus eu magna vulputate luctus.', 0, 383, 1, 94, 390, '2019-03-28 21:24:57'),
(766, 'pede venenatis non sodales sed tincidunt eu', 'Integer non velit. Donec diam neque, vestibulum eget, vulputate ut, ultrices vel, augue. Vestibulum ante ipsum primis in faucibus orci luctus et ultrices posuere cubilia Curae; Donec pharetra, magna vestibulum aliquet ultrices, erat tortor sollicitudin mi, sit amet lobortis sapien sapien non mi. Integer ac neque. Duis bibendum.', 0, 335, 4, 19, NULL, '2019-10-17 08:54:23'),
(767, 'sed justo', 'Maecenas tristique, est et tempus semper, est quam pharetra magna, ac consequat metus sapien ut nunc. Vestibulum ante ipsum primis in faucibus orci luctus et ultrices posuere cubilia Curae; Mauris viverra diam vitae quam. Suspendisse potenti.', 0, 161, 3, 35, 652, '2019-11-29 02:01:25'),
(768, 'vehicula consequat morbi a ipsum', 'Cras in purus eu magna vulputate luctus. Cum sociis natoque penatibus et magnis dis parturient montes, nascetur ridiculus mus.', 0, 464, 3, 29, 250, '2019-09-05 12:38:56'),
(769, 'consequat lectus in est', 'Aenean sit amet justo. Morbi ut odio.', 0, 424, 1, 99, 814, '2019-04-18 14:08:30'),
(770, 'in blandit ultrices', 'Vivamus vel nulla eget eros elementum pellentesque. Quisque porta volutpat erat. Quisque erat eros, viverra eget, congue eget, semper rutrum, nulla. Nunc purus.', 0, 376, 4, 75, NULL, '2019-10-16 19:24:50'),
(771, 'amet nunc viverra dapibus nulla suscipit', 'Mauris enim leo, rhoncus sed, vestibulum sit amet, cursus id, turpis. Integer aliquet, massa id lobortis convallis, tortor risus dapibus augue, vel accumsan tellus nisi eu orci. Mauris lacinia sapien quis libero. Nullam sit amet turpis elementum ligula vehicula consequat. Morbi a ipsum. Integer a nibh. In quis justo. Maecenas rhoncus aliquam lacus.', 0, 545, 2, 46, 91, '2019-08-03 19:37:38'),
(772, 'augue quam sollicitudin vitae consectetuer eget rutrum', 'Cum sociis natoque penatibus et magnis dis parturient montes, nascetur ridiculus mus. Etiam vel augue.', 0, 193, 3, 36, 488, '2019-12-31 01:05:40'),
(773, 'sollicitudin vitae consectetuer eget', 'Donec vitae nisi. Nam ultrices, libero non mattis pulvinar, nulla pede ullamcorper augue, a suscipit nulla elit ac nulla. Sed vel enim sit amet nunc viverra dapibus.', 0, 421, 1, 86, NULL, '2019-10-10 02:30:51'),
(774, 'sapien ut nunc vestibulum ante ipsum primis in', 'Donec semper sapien a libero. Nam dui. Proin leo odio, porttitor id, consequat in, consequat ut, nulla. Sed accumsan felis. Ut at dolor quis odio consequat varius. Integer ac leo. Pellentesque ultrices mattis odio.', 0, 286, 2, 97, 40, '2019-08-16 19:54:17'),
(775, 'proin interdum mauris non ligula', 'Cras pellentesque volutpat dui. Maecenas tristique, est et tempus semper, est quam pharetra magna, ac consequat metus sapien ut nunc. Vestibulum ante ipsum primis in faucibus orci luctus et ultrices posuere cubilia Curae; Mauris viverra diam vitae quam. Suspendisse potenti. Nullam porttitor lacus at turpis.', 0, 264, 5, 7, NULL, '2020-02-08 11:15:31'),
(776, 'curabitur convallis duis consequat', 'In sagittis dui vel nisl. Duis ac nibh. Fusce lacus purus, aliquet at, feugiat non, pretium quis, lectus. Suspendisse potenti. In eleifend quam a odio. In hac habitasse platea dictumst.', 1, 336, 2, 29, NULL, '2020-01-10 15:45:00'),
(777, 'tincidunt lacus at velit vivamus vel nulla', 'Etiam justo. Etiam pretium iaculis justo. In hac habitasse platea dictumst. Etiam faucibus cursus urna. Ut tellus. Nulla ut erat id mauris vulputate elementum. Nullam varius.', 0, 293, 1, 3, 65, '2019-05-30 17:58:53'),
(778, 'mattis egestas', 'Nulla tellus. In sagittis dui vel nisl. Duis ac nibh. Fusce lacus purus, aliquet at, feugiat non, pretium quis, lectus.', 0, 572, 5, 71, 769, '2019-12-16 14:00:26'),
(779, 'mauris non ligula pellentesque ultrices phasellus id', 'Nulla facilisi. Cras non velit nec nisi vulputate nonummy. Maecenas tincidunt lacus at velit. Vivamus vel nulla eget eros elementum pellentesque. Quisque porta volutpat erat.', 0, 240, 4, 70, 877, '2019-09-20 02:02:32'),
(780, 'erat tortor sollicitudin mi sit amet', 'Duis bibendum, felis sed interdum venenatis, turpis enim blandit mi, in porttitor pede justo eu massa. Donec dapibus.', 0, 335, 1, 48, 417, '2019-08-06 18:36:18'),
(781, 'arcu adipiscing molestie', 'In hac habitasse platea dictumst. Aliquam augue quam, sollicitudin vitae, consectetuer eget, rutrum at, lorem. Integer tincidunt ante vel ipsum. Praesent blandit lacinia erat. Vestibulum sed magna at nunc commodo placerat. Praesent blandit. Nam nulla.', 0, 238, 5, 21, 802, '2019-03-20 10:10:22'),
(782, 'ut tellus nulla', 'Donec dapibus. Duis at velit eu est congue elementum.', 0, 513, 2, 21, 516, '2019-10-11 22:24:43'),
(783, 'augue a suscipit nulla', 'Donec dapibus. Duis at velit eu est congue elementum. In hac habitasse platea dictumst.', 1, 381, 1, 6, NULL, '2019-08-24 06:41:16'),
(784, 'sapien dignissim vestibulum vestibulum', 'Mauris ullamcorper purus sit amet nulla. Quisque arcu libero, rutrum ac, lobortis vel, dapibus at, diam. Nam tristique tortor eu pede.', 0, 486, 1, 58, 968, '2019-02-26 02:41:01'),
(785, 'bibendum felis sed interdum venenatis', 'Maecenas tristique, est et tempus semper, est quam pharetra magna, ac consequat metus sapien ut nunc. Vestibulum ante ipsum primis in faucibus orci luctus et ultrices posuere cubilia Curae; Mauris viverra diam vitae quam. Suspendisse potenti. Nullam porttitor lacus at turpis. Donec posuere metus vitae ipsum. Aliquam non mauris. Morbi non lectus.', 0, 305, 1, 87, 596, '2019-03-14 10:46:19'),
(786, 'mauris non ligula', 'Duis mattis egestas metus. Aenean fermentum. Donec ut mauris eget massa tempor convallis. Nulla neque libero, convallis eget, eleifend luctus, ultricies eu, nibh. Quisque id justo sit amet sapien dignissim vestibulum. Vestibulum ante ipsum primis in faucibus orci luctus et ultrices posuere cubilia Curae; Nulla dapibus dolor vel est.', 0, 501, 5, 78, 845, '2019-05-12 02:45:48'),
(787, 'non sodales', 'Phasellus sit amet erat. Nulla tempus. Vivamus in felis eu sapien cursus vestibulum.', 0, 299, 2, 58, 187, '2019-07-14 23:15:59'),
(788, 'orci pede venenatis non sodales sed tincidunt', 'Maecenas rhoncus aliquam lacus. Morbi quis tortor id nulla ultrices aliquet. Maecenas leo odio, condimentum id, luctus nec, molestie sed, justo. Pellentesque viverra pede ac diam. Cras pellentesque volutpat dui. Maecenas tristique, est et tempus semper, est quam pharetra magna, ac consequat metus sapien ut nunc.', 0, 598, 3, 40, 116, '2019-04-21 18:35:17'),
(789, 'consequat varius integer ac leo', 'Etiam justo. Etiam pretium iaculis justo. In hac habitasse platea dictumst. Etiam faucibus cursus urna. Ut tellus.', 0, 397, 5, 77, 148, '2019-08-26 16:53:33'),
(790, 'quis turpis sed ante', 'Donec dapibus. Duis at velit eu est congue elementum. In hac habitasse platea dictumst. Morbi vestibulum, velit id pretium iaculis, diam erat fermentum justo, nec condimentum neque sapien placerat ante. Nulla justo. Aliquam quis turpis eget elit sodales scelerisque.', 0, 205, 4, 93, 591, '2019-03-09 10:54:35'),
(791, 'magna at nunc commodo', 'Nam nulla. Integer pede justo, lacinia eget, tincidunt eget, tempus vel, pede. Morbi porttitor lorem id ligula.', 0, 227, 4, 75, 537, '2019-08-28 12:29:00'),
(792, 'semper rutrum nulla nunc purus phasellus in', 'Nam dui. Proin leo odio, porttitor id, consequat in, consequat ut, nulla. Sed accumsan felis. Ut at dolor quis odio consequat varius. Integer ac leo. Pellentesque ultrices mattis odio.', 0, 295, 5, 91, 43, '2019-04-05 08:14:36'),
(793, 'erat fermentum justo nec', 'Nam nulla. Integer pede justo, lacinia eget, tincidunt eget, tempus vel, pede. Morbi porttitor lorem id ligula. Suspendisse ornare consequat lectus.', 0, 100, 4, 15, 415, '2019-11-29 18:35:42'),
(794, 'nibh in lectus pellentesque', 'In sagittis dui vel nisl. Duis ac nibh. Fusce lacus purus, aliquet at, feugiat non, pretium quis, lectus. Suspendisse potenti. In eleifend quam a odio. In hac habitasse platea dictumst. Maecenas ut massa quis augue luctus tincidunt. Nulla mollis molestie lorem.', 0, 425, 3, 34, 385, '2019-06-20 09:15:34'),
(795, 'condimentum id', 'Nullam porttitor lacus at turpis. Donec posuere metus vitae ipsum. Aliquam non mauris. Morbi non lectus.', 0, 269, 2, 37, 969, '2020-02-14 22:37:23'),
(796, 'ultrices posuere cubilia curae mauris', 'Praesent blandit. Nam nulla. Integer pede justo, lacinia eget, tincidunt eget, tempus vel, pede.', 0, 355, 5, 64, 568, '2019-09-22 11:34:05'),
(797, 'adipiscing molestie hendrerit at', 'Integer non velit. Donec diam neque, vestibulum eget, vulputate ut, ultrices vel, augue. Vestibulum ante ipsum primis in faucibus orci luctus et ultrices posuere cubilia Curae; Donec pharetra, magna vestibulum aliquet ultrices, erat tortor sollicitudin mi, sit amet lobortis sapien sapien non mi.', 1, 178, 1, 38, NULL, '2019-12-22 00:58:46'),
(798, 'tincidunt nulla mollis molestie lorem quisque ut', 'In hac habitasse platea dictumst. Morbi vestibulum, velit id pretium iaculis, diam erat fermentum justo, nec condimentum neque sapien placerat ante.', 0, 536, 2, 64, 931, '2019-08-21 14:16:26'),
(799, 'curabitur in libero ut massa volutpat', 'Pellentesque at nulla. Suspendisse potenti. Cras in purus eu magna vulputate luctus.', 0, 172, 2, 41, 88, '2019-06-19 17:00:23'),
(800, 'ac diam cras pellentesque', 'Morbi sem mauris, laoreet ut, rhoncus aliquet, pulvinar sed, nisl. Nunc rhoncus dui vel sem. Sed sagittis. Nam congue, risus semper porta volutpat, quam pede lobortis ligula, sit amet eleifend pede libero quis orci. Nullam molestie nibh in lectus. Pellentesque at nulla. Suspendisse potenti.', 0, 510, 3, 75, 275, '2019-10-31 17:47:05'),
(801, 'donec dapibus duis', 'Etiam vel augue. Vestibulum rutrum rutrum neque. Aenean auctor gravida sem. Praesent id massa id nisl venenatis lacinia. Aenean sit amet justo. Morbi ut odio. Cras mi pede, malesuada in, imperdiet et, commodo vulputate, justo.', 0, 151, 4, 43, 112, '2019-09-11 21:18:09'),
(802, 'neque vestibulum', 'Morbi sem mauris, laoreet ut, rhoncus aliquet, pulvinar sed, nisl. Nunc rhoncus dui vel sem.', 0, 447, 1, 92, NULL, '2019-09-22 19:10:56'),
(803, 'cum sociis natoque', 'In hac habitasse platea dictumst. Etiam faucibus cursus urna. Ut tellus. Nulla ut erat id mauris vulputate elementum. Nullam varius. Nulla facilisi.', 0, 395, 1, 100, 233, '2019-05-30 04:01:36'),
(804, 'blandit ultrices enim lorem', 'Nulla ac enim. In tempor, turpis nec euismod scelerisque, quam turpis adipiscing lorem, vitae mattis nibh ligula nec sem. Duis aliquam convallis nunc. Proin at turpis a pede posuere nonummy. Integer non velit. Donec diam neque, vestibulum eget, vulputate ut, ultrices vel, augue.', 0, 458, 5, 58, 253, '2019-12-22 10:05:37'),
(805, 'nulla pede ullamcorper augue a suscipit nulla', 'Suspendisse potenti. Nullam porttitor lacus at turpis. Donec posuere metus vitae ipsum. Aliquam non mauris. Morbi non lectus. Aliquam sit amet diam in magna bibendum imperdiet. Nullam orci pede, venenatis non, sodales sed, tincidunt eu, felis.', 0, 354, 1, 97, 550, '2019-09-01 03:41:03'),
(806, 'sodales scelerisque mauris', 'Morbi quis tortor id nulla ultrices aliquet. Maecenas leo odio, condimentum id, luctus nec, molestie sed, justo. Pellentesque viverra pede ac diam. Cras pellentesque volutpat dui. Maecenas tristique, est et tempus semper, est quam pharetra magna, ac consequat metus sapien ut nunc. Vestibulum ante ipsum primis in faucibus orci luctus et ultrices posuere cubilia Curae; Mauris viverra diam vitae quam. Suspendisse potenti.', 0, 550, 2, 59, 790, '2020-01-21 04:22:22'),
(807, 'et magnis dis parturient', 'Aliquam sit amet diam in magna bibendum imperdiet. Nullam orci pede, venenatis non, sodales sed, tincidunt eu, felis. Fusce posuere felis sed lacus. Morbi sem mauris, laoreet ut, rhoncus aliquet, pulvinar sed, nisl. Nunc rhoncus dui vel sem. Sed sagittis.', 1, 332, 5, 54, NULL, '2019-12-20 01:33:43'),
(808, 'sit amet sapien dignissim vestibulum vestibulum ante ipsum', 'Morbi sem mauris, laoreet ut, rhoncus aliquet, pulvinar sed, nisl. Nunc rhoncus dui vel sem. Sed sagittis.', 0, 460, 2, 5, 406, '2019-09-19 10:48:37'),
(809, 'nec molestie sed justo pellentesque viverra', 'Donec dapibus. Duis at velit eu est congue elementum. In hac habitasse platea dictumst. Morbi vestibulum, velit id pretium iaculis, diam erat fermentum justo, nec condimentum neque sapien placerat ante. Nulla justo. Aliquam quis turpis eget elit sodales scelerisque. Mauris sit amet eros. Suspendisse accumsan tortor quis turpis.', 0, 384, 3, 74, 861, '2019-09-24 20:10:36'),
(810, 'nulla quisque arcu libero', 'In tempor, turpis nec euismod scelerisque, quam turpis adipiscing lorem, vitae mattis nibh ligula nec sem. Duis aliquam convallis nunc. Proin at turpis a pede posuere nonummy. Integer non velit. Donec diam neque, vestibulum eget, vulputate ut, ultrices vel, augue.', 0, 564, 5, 74, 68, '2019-09-21 16:09:45'),
(811, 'porttitor lacus at', 'Morbi quis tortor id nulla ultrices aliquet. Maecenas leo odio, condimentum id, luctus nec, molestie sed, justo. Pellentesque viverra pede ac diam. Cras pellentesque volutpat dui. Maecenas tristique, est et tempus semper, est quam pharetra magna, ac consequat metus sapien ut nunc. Vestibulum ante ipsum primis in faucibus orci luctus et ultrices posuere cubilia Curae; Mauris viverra diam vitae quam. Suspendisse potenti. Nullam porttitor lacus at turpis.', 0, 321, 1, 4, NULL, '2019-10-14 21:58:19'),
(812, 'convallis tortor risus', 'Nullam porttitor lacus at turpis. Donec posuere metus vitae ipsum. Aliquam non mauris. Morbi non lectus. Aliquam sit amet diam in magna bibendum imperdiet. Nullam orci pede, venenatis non, sodales sed, tincidunt eu, felis. Fusce posuere felis sed lacus.', 1, 223, 1, 97, NULL, '2020-02-22 13:03:14'),
(813, 'neque vestibulum', 'Cras mi pede, malesuada in, imperdiet et, commodo vulputate, justo. In blandit ultrices enim. Lorem ipsum dolor sit amet, consectetuer adipiscing elit. Proin interdum mauris non ligula pellentesque ultrices. Phasellus id sapien in sapien iaculis congue. Vivamus metus arcu, adipiscing molestie, hendrerit at, vulputate vitae, nisl.', 0, 204, 1, 93, 244, '2019-12-17 20:01:22'),
(814, 'ac neque duis bibendum morbi non quam nec', 'Praesent id massa id nisl venenatis lacinia. Aenean sit amet justo.', 0, 572, 2, 17, 768, '2019-10-10 18:52:40'),
(815, 'phasellus in felis donec semper sapien a', 'Cras in purus eu magna vulputate luctus. Cum sociis natoque penatibus et magnis dis parturient montes, nascetur ridiculus mus. Vivamus vestibulum sagittis sapien. Cum sociis natoque penatibus et magnis dis parturient montes, nascetur ridiculus mus.', 0, 348, 4, 8, 973, '2019-07-05 20:44:11'),
(816, 'scelerisque quam turpis adipiscing lorem vitae', 'In eleifend quam a odio. In hac habitasse platea dictumst. Maecenas ut massa quis augue luctus tincidunt. Nulla mollis molestie lorem. Quisque ut erat. Curabitur gravida nisi at nibh. In hac habitasse platea dictumst. Aliquam augue quam, sollicitudin vitae, consectetuer eget, rutrum at, lorem.', 0, 268, 2, 74, 806, '2019-12-30 19:43:31'),
(817, 'sapien dignissim vestibulum vestibulum ante', 'Vestibulum ante ipsum primis in faucibus orci luctus et ultrices posuere cubilia Curae; Mauris viverra diam vitae quam. Suspendisse potenti. Nullam porttitor lacus at turpis. Donec posuere metus vitae ipsum. Aliquam non mauris.', 0, 417, 5, 24, 2, '2019-07-20 17:32:05'),
(818, 'turpis nec euismod scelerisque', 'Vestibulum sed magna at nunc commodo placerat. Praesent blandit. Nam nulla. Integer pede justo, lacinia eget, tincidunt eget, tempus vel, pede. Morbi porttitor lorem id ligula. Suspendisse ornare consequat lectus. In est risus, auctor sed, tristique in, tempus sit amet, sem.', 0, 576, 5, 21, 958, '2019-09-04 09:37:54'),
(819, 'eleifend donec ut dolor', 'Duis aliquam convallis nunc. Proin at turpis a pede posuere nonummy. Integer non velit. Donec diam neque, vestibulum eget, vulputate ut, ultrices vel, augue. Vestibulum ante ipsum primis in faucibus orci luctus et ultrices posuere cubilia Curae; Donec pharetra, magna vestibulum aliquet ultrices, erat tortor sollicitudin mi, sit amet lobortis sapien sapien non mi. Integer ac neque.', 0, 335, 2, 14, 100, '2019-09-05 06:31:16'),
(820, 'tincidunt nulla mollis molestie', 'Integer tincidunt ante vel ipsum. Praesent blandit lacinia erat. Vestibulum sed magna at nunc commodo placerat. Praesent blandit. Nam nulla. Integer pede justo, lacinia eget, tincidunt eget, tempus vel, pede. Morbi porttitor lorem id ligula. Suspendisse ornare consequat lectus.', 0, 446, 3, 84, 303, '2019-08-30 23:22:18'),
(821, 'tortor id nulla ultrices aliquet', 'Praesent id massa id nisl venenatis lacinia. Aenean sit amet justo. Morbi ut odio. Cras mi pede, malesuada in, imperdiet et, commodo vulputate, justo. In blandit ultrices enim.', 0, 339, 4, 59, 714, '2019-10-19 12:45:45'),
(822, 'luctus nec molestie sed justo pellentesque viverra pede', 'Duis aliquam convallis nunc. Proin at turpis a pede posuere nonummy. Integer non velit. Donec diam neque, vestibulum eget, vulputate ut, ultrices vel, augue. Vestibulum ante ipsum primis in faucibus orci luctus et ultrices posuere cubilia Curae; Donec pharetra, magna vestibulum aliquet ultrices, erat tortor sollicitudin mi, sit amet lobortis sapien sapien non mi. Integer ac neque. Duis bibendum. Morbi non quam nec dui luctus rutrum.', 0, 159, 5, 23, 261, '2019-05-27 23:54:52'),
(823, 'consequat dui nec nisi volutpat eleifend', 'Proin eu mi. Nulla ac enim. In tempor, turpis nec euismod scelerisque, quam turpis adipiscing lorem, vitae mattis nibh ligula nec sem. Duis aliquam convallis nunc. Proin at turpis a pede posuere nonummy.', 0, 514, 3, 41, 985, '2019-08-24 16:26:10'),
(824, 'sed vestibulum sit amet', 'Duis bibendum. Morbi non quam nec dui luctus rutrum. Nulla tellus. In sagittis dui vel nisl. Duis ac nibh.', 0, 251, 2, 46, 221, '2019-09-07 06:47:45'),
(825, 'ut volutpat', 'Duis aliquam convallis nunc. Proin at turpis a pede posuere nonummy. Integer non velit. Donec diam neque, vestibulum eget, vulputate ut, ultrices vel, augue. Vestibulum ante ipsum primis in faucibus orci luctus et ultrices posuere cubilia Curae; Donec pharetra, magna vestibulum aliquet ultrices, erat tortor sollicitudin mi, sit amet lobortis sapien sapien non mi. Integer ac neque.', 1, 497, 4, 13, NULL, '2019-12-16 05:17:50'),
(826, 'interdum eu tincidunt in', 'Nulla ac enim. In tempor, turpis nec euismod scelerisque, quam turpis adipiscing lorem, vitae mattis nibh ligula nec sem. Duis aliquam convallis nunc. Proin at turpis a pede posuere nonummy. Integer non velit. Donec diam neque, vestibulum eget, vulputate ut, ultrices vel, augue. Vestibulum ante ipsum primis in faucibus orci luctus et ultrices posuere cubilia Curae; Donec pharetra, magna vestibulum aliquet ultrices, erat tortor sollicitudin mi, sit amet lobortis sapien sapien non mi. Integer ac neque.', 0, 186, 1, 51, 161, '2019-08-05 17:50:24'),
(827, 'amet nulla quisque arcu libero rutrum ac lobortis', 'Sed ante. Vivamus tortor. Duis mattis egestas metus. Aenean fermentum. Donec ut mauris eget massa tempor convallis. Nulla neque libero, convallis eget, eleifend luctus, ultricies eu, nibh.', 0, 284, 1, 72, 640, '2019-09-19 16:34:43'),
(828, 'ultrices vel augue', 'Nulla mollis molestie lorem. Quisque ut erat. Curabitur gravida nisi at nibh. In hac habitasse platea dictumst. Aliquam augue quam, sollicitudin vitae, consectetuer eget, rutrum at, lorem. Integer tincidunt ante vel ipsum. Praesent blandit lacinia erat.', 0, 556, 3, 98, 798, '2019-03-06 00:41:35'),
(829, 'at velit vivamus vel nulla eget', 'Fusce lacus purus, aliquet at, feugiat non, pretium quis, lectus. Suspendisse potenti. In eleifend quam a odio. In hac habitasse platea dictumst. Maecenas ut massa quis augue luctus tincidunt. Nulla mollis molestie lorem.', 0, 494, 1, 86, NULL, '2019-02-27 16:44:22'),
(830, 'nullam sit', 'Aliquam augue quam, sollicitudin vitae, consectetuer eget, rutrum at, lorem. Integer tincidunt ante vel ipsum. Praesent blandit lacinia erat. Vestibulum sed magna at nunc commodo placerat. Praesent blandit. Nam nulla.', 0, 271, 4, 10, 553, '2019-11-27 13:51:11'),
(831, 'at diam nam tristique tortor eu pede', 'Nullam orci pede, venenatis non, sodales sed, tincidunt eu, felis. Fusce posuere felis sed lacus. Morbi sem mauris, laoreet ut, rhoncus aliquet, pulvinar sed, nisl. Nunc rhoncus dui vel sem. Sed sagittis.', 0, 407, 1, 58, 306, '2019-12-22 15:52:13'),
(832, 'dis parturient montes nascetur ridiculus mus', 'Morbi vel lectus in quam fringilla rhoncus. Mauris enim leo, rhoncus sed, vestibulum sit amet, cursus id, turpis. Integer aliquet, massa id lobortis convallis, tortor risus dapibus augue, vel accumsan tellus nisi eu orci. Mauris lacinia sapien quis libero. Nullam sit amet turpis elementum ligula vehicula consequat. Morbi a ipsum. Integer a nibh.', 1, 189, 5, 87, NULL, '2019-11-11 20:34:42'),
(833, 'augue a suscipit nulla elit ac nulla sed', 'Aenean fermentum. Donec ut mauris eget massa tempor convallis.', 0, 267, 2, 92, 250, '2020-02-12 21:37:38'),
(834, 'amet cursus id turpis integer', 'In hac habitasse platea dictumst. Etiam faucibus cursus urna. Ut tellus. Nulla ut erat id mauris vulputate elementum. Nullam varius. Nulla facilisi. Cras non velit nec nisi vulputate nonummy. Maecenas tincidunt lacus at velit.', 0, 186, 4, 15, 394, '2019-11-05 10:33:13'),
(835, 'pulvinar sed nisl nunc rhoncus dui', 'Morbi porttitor lorem id ligula. Suspendisse ornare consequat lectus. In est risus, auctor sed, tristique in, tempus sit amet, sem. Fusce consequat. Nulla nisl.', 1, 415, 3, 95, NULL, '2019-09-07 12:32:31'),
(836, 'quam sollicitudin vitae consectetuer eget rutrum at', 'Vestibulum ante ipsum primis in faucibus orci luctus et ultrices posuere cubilia Curae; Donec pharetra, magna vestibulum aliquet ultrices, erat tortor sollicitudin mi, sit amet lobortis sapien sapien non mi. Integer ac neque. Duis bibendum. Morbi non quam nec dui luctus rutrum.', 0, 395, 1, 33, 614, '2019-09-25 21:36:39'),
(837, 'faucibus orci luctus et ultrices posuere cubilia curae', 'Aenean sit amet justo. Morbi ut odio. Cras mi pede, malesuada in, imperdiet et, commodo vulputate, justo.', 0, 518, 3, 48, 411, '2019-03-03 00:02:02'),
(838, 'a ipsum integer', 'Nunc rhoncus dui vel sem. Sed sagittis. Nam congue, risus semper porta volutpat, quam pede lobortis ligula, sit amet eleifend pede libero quis orci. Nullam molestie nibh in lectus. Pellentesque at nulla.', 0, 329, 4, 81, 603, '2019-06-25 03:11:53'),
(839, 'vulputate luctus cum sociis natoque penatibus et magnis', 'Vestibulum quam sapien, varius ut, blandit non, interdum in, ante. Vestibulum ante ipsum primis in faucibus orci luctus et ultrices posuere cubilia Curae; Duis faucibus accumsan odio. Curabitur convallis. Duis consequat dui nec nisi volutpat eleifend. Donec ut dolor.', 0, 493, 2, 34, 933, '2019-04-14 21:50:08'),
(840, 'nisl nunc rhoncus dui', 'Vivamus vestibulum sagittis sapien. Cum sociis natoque penatibus et magnis dis parturient montes, nascetur ridiculus mus.', 0, 150, 1, 17, 843, '2019-11-26 02:35:42'),
(841, 'a feugiat et eros', 'Vestibulum quam sapien, varius ut, blandit non, interdum in, ante. Vestibulum ante ipsum primis in faucibus orci luctus et ultrices posuere cubilia Curae; Duis faucibus accumsan odio. Curabitur convallis. Duis consequat dui nec nisi volutpat eleifend. Donec ut dolor. Morbi vel lectus in quam fringilla rhoncus.', 0, 201, 2, 55, 27, '2019-08-07 02:34:43'),
(842, 'curabitur gravida nisi at nibh', 'Nunc rhoncus dui vel sem. Sed sagittis.', 0, 291, 3, 4, 592, '2019-08-06 15:01:12'),
(843, 'sapien sapien non mi', 'Ut at dolor quis odio consequat varius. Integer ac leo. Pellentesque ultrices mattis odio. Donec vitae nisi. Nam ultrices, libero non mattis pulvinar, nulla pede ullamcorper augue, a suscipit nulla elit ac nulla. Sed vel enim sit amet nunc viverra dapibus. Nulla suscipit ligula in lacus. Curabitur at ipsum ac tellus semper interdum.', 0, 227, 5, 88, 903, '2020-02-08 00:39:06'),
(844, 'tellus semper interdum mauris ullamcorper', 'Donec quis orci eget orci vehicula condimentum. Curabitur in libero ut massa volutpat convallis. Morbi odio odio, elementum eu, interdum eu, tincidunt in, leo. Maecenas pulvinar lobortis est. Phasellus sit amet erat.', 0, 253, 2, 55, 870, '2020-02-10 16:38:43'),
(845, 'malesuada in imperdiet et commodo', 'Quisque id justo sit amet sapien dignissim vestibulum. Vestibulum ante ipsum primis in faucibus orci luctus et ultrices posuere cubilia Curae; Nulla dapibus dolor vel est. Donec odio justo, sollicitudin ut, suscipit a, feugiat et, eros. Vestibulum ac est lacinia nisi venenatis tristique. Fusce congue, diam id ornare imperdiet, sapien urna pretium nisl, ut volutpat sapien arcu sed augue. Aliquam erat volutpat. In congue.', 1, 363, 5, 12, NULL, '2019-04-14 07:51:10');
INSERT INTO `posts` (`id`, `title`, `body`, `has_img`, `views`, `category`, `author`, `replying_to`, `creation_date`) VALUES
(846, 'consequat lectus in est risus auctor', 'Aenean lectus. Pellentesque eget nunc. Donec quis orci eget orci vehicula condimentum. Curabitur in libero ut massa volutpat convallis. Morbi odio odio, elementum eu, interdum eu, tincidunt in, leo. Maecenas pulvinar lobortis est. Phasellus sit amet erat. Nulla tempus.', 0, 144, 5, 89, 398, '2019-06-04 19:19:53'),
(847, 'interdum venenatis turpis enim blandit mi in', 'Mauris sit amet eros. Suspendisse accumsan tortor quis turpis. Sed ante. Vivamus tortor. Duis mattis egestas metus.', 1, 397, 5, 49, NULL, '2020-01-12 09:47:56'),
(848, 'lacinia erat', 'Proin risus. Praesent lectus. Vestibulum quam sapien, varius ut, blandit non, interdum in, ante. Vestibulum ante ipsum primis in faucibus orci luctus et ultrices posuere cubilia Curae; Duis faucibus accumsan odio. Curabitur convallis. Duis consequat dui nec nisi volutpat eleifend. Donec ut dolor. Morbi vel lectus in quam fringilla rhoncus.', 1, 211, 1, 25, NULL, '2020-01-21 00:06:35'),
(849, 'elementum in hac habitasse platea', 'Cum sociis natoque penatibus et magnis dis parturient montes, nascetur ridiculus mus. Vivamus vestibulum sagittis sapien. Cum sociis natoque penatibus et magnis dis parturient montes, nascetur ridiculus mus. Etiam vel augue. Vestibulum rutrum rutrum neque.', 0, 485, 5, 13, 544, '2020-02-16 07:37:51'),
(850, 'imperdiet nullam', 'Vestibulum ante ipsum primis in faucibus orci luctus et ultrices posuere cubilia Curae; Mauris viverra diam vitae quam. Suspendisse potenti. Nullam porttitor lacus at turpis. Donec posuere metus vitae ipsum. Aliquam non mauris. Morbi non lectus. Aliquam sit amet diam in magna bibendum imperdiet. Nullam orci pede, venenatis non, sodales sed, tincidunt eu, felis.', 0, 508, 1, 87, 661, '2019-09-19 09:08:28'),
(851, 'et ultrices posuere cubilia curae duis faucibus accumsan', 'Lorem ipsum dolor sit amet, consectetuer adipiscing elit. Proin risus. Praesent lectus. Vestibulum quam sapien, varius ut, blandit non, interdum in, ante. Vestibulum ante ipsum primis in faucibus orci luctus et ultrices posuere cubilia Curae; Duis faucibus accumsan odio. Curabitur convallis.', 0, 567, 4, 29, 329, '2019-12-31 10:20:45'),
(852, 'volutpat in congue etiam justo etiam pretium', 'Quisque id justo sit amet sapien dignissim vestibulum. Vestibulum ante ipsum primis in faucibus orci luctus et ultrices posuere cubilia Curae; Nulla dapibus dolor vel est. Donec odio justo, sollicitudin ut, suscipit a, feugiat et, eros. Vestibulum ac est lacinia nisi venenatis tristique. Fusce congue, diam id ornare imperdiet, sapien urna pretium nisl, ut volutpat sapien arcu sed augue. Aliquam erat volutpat.', 0, 225, 3, 5, 294, '2019-09-17 02:11:00'),
(853, 'etiam justo etiam pretium iaculis justo in hac', 'Vivamus in felis eu sapien cursus vestibulum. Proin eu mi. Nulla ac enim. In tempor, turpis nec euismod scelerisque, quam turpis adipiscing lorem, vitae mattis nibh ligula nec sem. Duis aliquam convallis nunc. Proin at turpis a pede posuere nonummy.', 1, 209, 1, 53, NULL, '2019-08-29 03:59:52'),
(854, 'luctus tincidunt nulla mollis molestie lorem quisque', 'In est risus, auctor sed, tristique in, tempus sit amet, sem. Fusce consequat. Nulla nisl. Nunc nisl. Duis bibendum, felis sed interdum venenatis, turpis enim blandit mi, in porttitor pede justo eu massa. Donec dapibus. Duis at velit eu est congue elementum.', 0, 541, 2, 2, 712, '2019-11-02 11:54:19'),
(855, 'ipsum praesent blandit lacinia', 'Cras in purus eu magna vulputate luctus. Cum sociis natoque penatibus et magnis dis parturient montes, nascetur ridiculus mus. Vivamus vestibulum sagittis sapien. Cum sociis natoque penatibus et magnis dis parturient montes, nascetur ridiculus mus. Etiam vel augue. Vestibulum rutrum rutrum neque. Aenean auctor gravida sem.', 0, 171, 5, 34, 39, '2019-08-12 03:27:03'),
(856, 'diam vitae quam suspendisse potenti nullam porttitor lacus', 'Aliquam non mauris. Morbi non lectus. Aliquam sit amet diam in magna bibendum imperdiet.', 0, 401, 4, 14, 94, '2019-04-09 09:10:39'),
(857, 'accumsan tortor quis turpis sed', 'Maecenas tincidunt lacus at velit. Vivamus vel nulla eget eros elementum pellentesque. Quisque porta volutpat erat.', 0, 319, 3, 56, 35, '2019-03-04 00:20:41'),
(858, 'aliquam lacus morbi quis', 'Ut at dolor quis odio consequat varius. Integer ac leo. Pellentesque ultrices mattis odio. Donec vitae nisi. Nam ultrices, libero non mattis pulvinar, nulla pede ullamcorper augue, a suscipit nulla elit ac nulla. Sed vel enim sit amet nunc viverra dapibus. Nulla suscipit ligula in lacus. Curabitur at ipsum ac tellus semper interdum.', 1, 322, 5, 72, NULL, '2019-03-16 06:39:51'),
(859, 'in est risus auctor', 'Nam dui. Proin leo odio, porttitor id, consequat in, consequat ut, nulla. Sed accumsan felis. Ut at dolor quis odio consequat varius. Integer ac leo. Pellentesque ultrices mattis odio. Donec vitae nisi. Nam ultrices, libero non mattis pulvinar, nulla pede ullamcorper augue, a suscipit nulla elit ac nulla.', 0, 570, 5, 45, 806, '2020-01-02 04:54:41'),
(860, 'tempor convallis nulla', 'Pellentesque eget nunc. Donec quis orci eget orci vehicula condimentum. Curabitur in libero ut massa volutpat convallis. Morbi odio odio, elementum eu, interdum eu, tincidunt in, leo. Maecenas pulvinar lobortis est. Phasellus sit amet erat. Nulla tempus.', 0, 512, 1, 9, 358, '2019-11-12 11:11:02'),
(861, 'a nibh in', 'Cras pellentesque volutpat dui. Maecenas tristique, est et tempus semper, est quam pharetra magna, ac consequat metus sapien ut nunc. Vestibulum ante ipsum primis in faucibus orci luctus et ultrices posuere cubilia Curae; Mauris viverra diam vitae quam. Suspendisse potenti. Nullam porttitor lacus at turpis.', 0, 237, 1, 63, 429, '2019-09-27 23:53:03'),
(862, 'mollis molestie lorem quisque ut', 'Nulla nisl. Nunc nisl. Duis bibendum, felis sed interdum venenatis, turpis enim blandit mi, in porttitor pede justo eu massa.', 0, 371, 2, 10, 163, '2019-09-06 21:28:45'),
(863, 'sit amet eleifend', 'Aenean fermentum. Donec ut mauris eget massa tempor convallis. Nulla neque libero, convallis eget, eleifend luctus, ultricies eu, nibh. Quisque id justo sit amet sapien dignissim vestibulum. Vestibulum ante ipsum primis in faucibus orci luctus et ultrices posuere cubilia Curae; Nulla dapibus dolor vel est.', 0, 266, 5, 81, 515, '2019-10-13 02:50:41'),
(864, 'urna ut tellus nulla ut', 'Aliquam erat volutpat. In congue. Etiam justo. Etiam pretium iaculis justo. In hac habitasse platea dictumst. Etiam faucibus cursus urna.', 1, 282, 5, 80, NULL, '2019-04-09 11:19:27'),
(865, 'donec ut', 'Morbi vestibulum, velit id pretium iaculis, diam erat fermentum justo, nec condimentum neque sapien placerat ante. Nulla justo. Aliquam quis turpis eget elit sodales scelerisque. Mauris sit amet eros. Suspendisse accumsan tortor quis turpis.', 0, 279, 4, 50, 57, '2019-12-30 16:53:24'),
(866, 'cursus vestibulum proin eu', 'Sed vel enim sit amet nunc viverra dapibus. Nulla suscipit ligula in lacus. Curabitur at ipsum ac tellus semper interdum. Mauris ullamcorper purus sit amet nulla. Quisque arcu libero, rutrum ac, lobortis vel, dapibus at, diam.', 1, 106, 4, 39, NULL, '2019-03-15 23:13:54'),
(867, 'lectus pellentesque eget nunc donec quis orci', 'Donec ut mauris eget massa tempor convallis. Nulla neque libero, convallis eget, eleifend luctus, ultricies eu, nibh.', 0, 462, 1, 49, 576, '2020-02-18 19:17:31'),
(868, 'a suscipit nulla elit ac', 'Curabitur at ipsum ac tellus semper interdum. Mauris ullamcorper purus sit amet nulla. Quisque arcu libero, rutrum ac, lobortis vel, dapibus at, diam. Nam tristique tortor eu pede.', 0, 225, 2, 83, NULL, '2019-10-25 11:32:36'),
(869, 'iaculis justo in hac habitasse platea dictumst etiam', 'Duis mattis egestas metus. Aenean fermentum. Donec ut mauris eget massa tempor convallis. Nulla neque libero, convallis eget, eleifend luctus, ultricies eu, nibh. Quisque id justo sit amet sapien dignissim vestibulum. Vestibulum ante ipsum primis in faucibus orci luctus et ultrices posuere cubilia Curae; Nulla dapibus dolor vel est. Donec odio justo, sollicitudin ut, suscipit a, feugiat et, eros. Vestibulum ac est lacinia nisi venenatis tristique.', 0, 444, 5, 90, 738, '2019-10-25 15:13:11'),
(870, 'tortor sollicitudin mi sit amet lobortis sapien', 'Nulla justo. Aliquam quis turpis eget elit sodales scelerisque. Mauris sit amet eros. Suspendisse accumsan tortor quis turpis. Sed ante. Vivamus tortor. Duis mattis egestas metus.', 0, 432, 5, 69, NULL, '2019-08-05 07:25:00'),
(871, 'faucibus orci luctus', 'Curabitur gravida nisi at nibh. In hac habitasse platea dictumst.', 1, 179, 3, 70, NULL, '2019-03-16 17:53:05'),
(872, 'vestibulum sagittis sapien cum sociis', 'Suspendisse ornare consequat lectus. In est risus, auctor sed, tristique in, tempus sit amet, sem. Fusce consequat. Nulla nisl. Nunc nisl. Duis bibendum, felis sed interdum venenatis, turpis enim blandit mi, in porttitor pede justo eu massa. Donec dapibus. Duis at velit eu est congue elementum.', 0, 383, 2, 43, 477, '2019-10-14 07:27:51'),
(873, 'massa quis augue luctus', 'Morbi sem mauris, laoreet ut, rhoncus aliquet, pulvinar sed, nisl. Nunc rhoncus dui vel sem. Sed sagittis. Nam congue, risus semper porta volutpat, quam pede lobortis ligula, sit amet eleifend pede libero quis orci. Nullam molestie nibh in lectus. Pellentesque at nulla. Suspendisse potenti.', 0, 250, 3, 60, 210, '2019-09-25 17:23:47'),
(874, 'hac habitasse platea dictumst aliquam', 'Nam dui. Proin leo odio, porttitor id, consequat in, consequat ut, nulla. Sed accumsan felis. Ut at dolor quis odio consequat varius. Integer ac leo.', 0, 433, 3, 63, 263, '2020-02-10 10:26:28'),
(875, 'mi sit', 'Cras mi pede, malesuada in, imperdiet et, commodo vulputate, justo. In blandit ultrices enim.', 0, 590, 3, 38, 304, '2019-08-26 15:02:49'),
(876, 'magna at nunc commodo placerat praesent blandit nam', 'Ut at dolor quis odio consequat varius. Integer ac leo.', 0, 305, 2, 100, 819, '2019-04-14 17:36:21'),
(877, 'donec diam neque vestibulum', 'Donec dapibus. Duis at velit eu est congue elementum. In hac habitasse platea dictumst. Morbi vestibulum, velit id pretium iaculis, diam erat fermentum justo, nec condimentum neque sapien placerat ante. Nulla justo. Aliquam quis turpis eget elit sodales scelerisque. Mauris sit amet eros.', 0, 382, 5, 95, 635, '2019-05-04 09:47:14'),
(878, 'in sagittis dui vel nisl duis ac nibh', 'Vivamus in felis eu sapien cursus vestibulum. Proin eu mi. Nulla ac enim. In tempor, turpis nec euismod scelerisque, quam turpis adipiscing lorem, vitae mattis nibh ligula nec sem. Duis aliquam convallis nunc.', 1, 503, 2, 45, NULL, '2020-01-13 19:39:17'),
(879, 'eu orci mauris lacinia sapien quis', 'Fusce lacus purus, aliquet at, feugiat non, pretium quis, lectus. Suspendisse potenti. In eleifend quam a odio. In hac habitasse platea dictumst. Maecenas ut massa quis augue luctus tincidunt. Nulla mollis molestie lorem. Quisque ut erat. Curabitur gravida nisi at nibh.', 0, 236, 3, 55, NULL, '2019-11-13 21:28:38'),
(880, 'eget tempus vel pede morbi', 'Donec vitae nisi. Nam ultrices, libero non mattis pulvinar, nulla pede ullamcorper augue, a suscipit nulla elit ac nulla. Sed vel enim sit amet nunc viverra dapibus. Nulla suscipit ligula in lacus. Curabitur at ipsum ac tellus semper interdum. Mauris ullamcorper purus sit amet nulla.', 1, 192, 4, 4, NULL, '2019-05-29 18:18:16'),
(881, 'diam in magna bibendum imperdiet nullam', 'Nunc rhoncus dui vel sem. Sed sagittis. Nam congue, risus semper porta volutpat, quam pede lobortis ligula, sit amet eleifend pede libero quis orci. Nullam molestie nibh in lectus. Pellentesque at nulla.', 0, 584, 2, 9, 320, '2019-08-06 07:36:20'),
(882, 'velit donec', 'Nam dui. Proin leo odio, porttitor id, consequat in, consequat ut, nulla. Sed accumsan felis. Ut at dolor quis odio consequat varius. Integer ac leo.', 0, 560, 4, 70, NULL, '2019-06-15 00:46:10'),
(883, 'nisi nam ultrices libero', 'Quisque porta volutpat erat. Quisque erat eros, viverra eget, congue eget, semper rutrum, nulla.', 0, 429, 3, 69, 964, '2020-02-18 15:06:13'),
(884, 'ipsum primis in faucibus', 'Curabitur at ipsum ac tellus semper interdum. Mauris ullamcorper purus sit amet nulla. Quisque arcu libero, rutrum ac, lobortis vel, dapibus at, diam.', 1, 507, 5, 94, NULL, '2019-11-21 19:53:10'),
(885, 'quis turpis sed ante vivamus', 'Phasellus sit amet erat. Nulla tempus.', 0, 556, 3, 1, 440, '2019-10-06 07:02:46'),
(886, 'ornare imperdiet sapien urna', 'Mauris lacinia sapien quis libero. Nullam sit amet turpis elementum ligula vehicula consequat. Morbi a ipsum. Integer a nibh. In quis justo. Maecenas rhoncus aliquam lacus.', 0, 403, 5, 55, NULL, '2019-06-13 21:12:53'),
(887, 'donec odio justo sollicitudin ut suscipit a', 'Maecenas ut massa quis augue luctus tincidunt. Nulla mollis molestie lorem. Quisque ut erat.', 0, 489, 4, 58, 394, '2019-04-09 12:14:09'),
(888, 'risus semper porta volutpat quam', 'Curabitur in libero ut massa volutpat convallis. Morbi odio odio, elementum eu, interdum eu, tincidunt in, leo. Maecenas pulvinar lobortis est. Phasellus sit amet erat. Nulla tempus. Vivamus in felis eu sapien cursus vestibulum. Proin eu mi. Nulla ac enim.', 0, 205, 4, 31, 88, '2019-03-23 09:08:21'),
(889, 'dolor vel', 'Nunc purus. Phasellus in felis.', 0, 518, 4, 100, 684, '2019-04-14 09:39:03'),
(890, 'nibh ligula nec sem', 'Fusce lacus purus, aliquet at, feugiat non, pretium quis, lectus. Suspendisse potenti. In eleifend quam a odio.', 0, 310, 2, 67, 680, '2020-01-02 00:46:03'),
(891, 'molestie sed justo pellentesque', 'Vestibulum sed magna at nunc commodo placerat. Praesent blandit. Nam nulla. Integer pede justo, lacinia eget, tincidunt eget, tempus vel, pede. Morbi porttitor lorem id ligula.', 0, 347, 5, 7, 769, '2019-04-12 12:53:43'),
(892, 'aliquam sit amet diam in', 'Integer a nibh. In quis justo. Maecenas rhoncus aliquam lacus. Morbi quis tortor id nulla ultrices aliquet. Maecenas leo odio, condimentum id, luctus nec, molestie sed, justo. Pellentesque viverra pede ac diam. Cras pellentesque volutpat dui.', 0, 456, 1, 21, 482, '2019-09-07 03:53:52'),
(893, 'nibh in hac habitasse platea dictumst aliquam augue', 'Sed sagittis. Nam congue, risus semper porta volutpat, quam pede lobortis ligula, sit amet eleifend pede libero quis orci. Nullam molestie nibh in lectus. Pellentesque at nulla. Suspendisse potenti. Cras in purus eu magna vulputate luctus.', 0, 388, 4, 6, 657, '2019-05-10 11:11:08'),
(894, 'non mi integer ac neque duis', 'Morbi vel lectus in quam fringilla rhoncus. Mauris enim leo, rhoncus sed, vestibulum sit amet, cursus id, turpis.', 0, 205, 3, 10, 792, '2019-09-29 11:37:44'),
(895, 'proin interdum mauris non ligula pellentesque', 'Vestibulum ante ipsum primis in faucibus orci luctus et ultrices posuere cubilia Curae; Donec pharetra, magna vestibulum aliquet ultrices, erat tortor sollicitudin mi, sit amet lobortis sapien sapien non mi. Integer ac neque.', 0, 466, 4, 52, 10, '2019-07-20 03:25:26'),
(896, 'volutpat quam pede lobortis ligula sit amet eleifend', 'Nulla neque libero, convallis eget, eleifend luctus, ultricies eu, nibh. Quisque id justo sit amet sapien dignissim vestibulum. Vestibulum ante ipsum primis in faucibus orci luctus et ultrices posuere cubilia Curae; Nulla dapibus dolor vel est. Donec odio justo, sollicitudin ut, suscipit a, feugiat et, eros. Vestibulum ac est lacinia nisi venenatis tristique.', 0, 381, 3, 33, 700, '2019-04-18 04:36:41'),
(897, 'egestas metus aenean fermentum donec ut', 'Suspendisse accumsan tortor quis turpis. Sed ante. Vivamus tortor. Duis mattis egestas metus. Aenean fermentum. Donec ut mauris eget massa tempor convallis. Nulla neque libero, convallis eget, eleifend luctus, ultricies eu, nibh. Quisque id justo sit amet sapien dignissim vestibulum.', 1, 533, 1, 55, NULL, '2019-08-21 07:33:55'),
(898, 'etiam vel augue', 'Donec semper sapien a libero. Nam dui. Proin leo odio, porttitor id, consequat in, consequat ut, nulla. Sed accumsan felis.', 0, 235, 4, 36, 909, '2019-11-18 23:59:58'),
(899, 'metus arcu adipiscing molestie hendrerit at vulputate vitae', 'Fusce lacus purus, aliquet at, feugiat non, pretium quis, lectus. Suspendisse potenti. In eleifend quam a odio. In hac habitasse platea dictumst. Maecenas ut massa quis augue luctus tincidunt.', 0, 260, 2, 92, 545, '2019-10-10 05:04:52'),
(900, 'in blandit ultrices enim lorem ipsum', 'Vestibulum rutrum rutrum neque. Aenean auctor gravida sem. Praesent id massa id nisl venenatis lacinia. Aenean sit amet justo. Morbi ut odio.', 0, 153, 2, 73, 705, '2019-07-18 07:38:07'),
(901, 'in faucibus orci', 'Nulla mollis molestie lorem. Quisque ut erat. Curabitur gravida nisi at nibh. In hac habitasse platea dictumst. Aliquam augue quam, sollicitudin vitae, consectetuer eget, rutrum at, lorem.', 0, 479, 1, 46, 488, '2019-12-29 02:40:34'),
(902, 'volutpat erat', 'Vestibulum ante ipsum primis in faucibus orci luctus et ultrices posuere cubilia Curae; Mauris viverra diam vitae quam. Suspendisse potenti. Nullam porttitor lacus at turpis. Donec posuere metus vitae ipsum. Aliquam non mauris. Morbi non lectus. Aliquam sit amet diam in magna bibendum imperdiet. Nullam orci pede, venenatis non, sodales sed, tincidunt eu, felis.', 0, 395, 5, 59, 531, '2019-07-04 03:38:38'),
(903, 'lobortis est phasellus sit amet erat nulla tempus', 'Aenean lectus. Pellentesque eget nunc. Donec quis orci eget orci vehicula condimentum. Curabitur in libero ut massa volutpat convallis. Morbi odio odio, elementum eu, interdum eu, tincidunt in, leo. Maecenas pulvinar lobortis est. Phasellus sit amet erat.', 0, 205, 3, 26, 99, '2019-11-11 00:38:27'),
(904, 'nulla suscipit ligula in lacus curabitur at', 'Fusce consequat. Nulla nisl. Nunc nisl.', 0, 512, 5, 40, 831, '2019-07-10 12:00:21'),
(905, 'ipsum integer a nibh in quis justo maecenas', 'Phasellus id sapien in sapien iaculis congue. Vivamus metus arcu, adipiscing molestie, hendrerit at, vulputate vitae, nisl. Aenean lectus. Pellentesque eget nunc. Donec quis orci eget orci vehicula condimentum. Curabitur in libero ut massa volutpat convallis. Morbi odio odio, elementum eu, interdum eu, tincidunt in, leo.', 1, 171, 1, 3, NULL, '2019-12-18 02:55:08'),
(906, 'vestibulum rutrum rutrum neque aenean', 'Morbi ut odio. Cras mi pede, malesuada in, imperdiet et, commodo vulputate, justo. In blandit ultrices enim. Lorem ipsum dolor sit amet, consectetuer adipiscing elit.', 1, 284, 5, 90, NULL, '2019-08-27 21:59:52'),
(907, 'lacus curabitur at ipsum ac tellus semper interdum', 'Donec diam neque, vestibulum eget, vulputate ut, ultrices vel, augue. Vestibulum ante ipsum primis in faucibus orci luctus et ultrices posuere cubilia Curae; Donec pharetra, magna vestibulum aliquet ultrices, erat tortor sollicitudin mi, sit amet lobortis sapien sapien non mi. Integer ac neque. Duis bibendum.', 0, 436, 1, 37, 234, '2019-03-19 15:00:23'),
(908, 'curae nulla dapibus dolor vel est donec', 'In tempor, turpis nec euismod scelerisque, quam turpis adipiscing lorem, vitae mattis nibh ligula nec sem. Duis aliquam convallis nunc. Proin at turpis a pede posuere nonummy. Integer non velit. Donec diam neque, vestibulum eget, vulputate ut, ultrices vel, augue. Vestibulum ante ipsum primis in faucibus orci luctus et ultrices posuere cubilia Curae; Donec pharetra, magna vestibulum aliquet ultrices, erat tortor sollicitudin mi, sit amet lobortis sapien sapien non mi.', 0, 323, 2, 87, 437, '2019-09-10 00:09:07'),
(909, 'nisl nunc nisl duis bibendum felis sed interdum', 'Aliquam sit amet diam in magna bibendum imperdiet. Nullam orci pede, venenatis non, sodales sed, tincidunt eu, felis. Fusce posuere felis sed lacus. Morbi sem mauris, laoreet ut, rhoncus aliquet, pulvinar sed, nisl. Nunc rhoncus dui vel sem. Sed sagittis. Nam congue, risus semper porta volutpat, quam pede lobortis ligula, sit amet eleifend pede libero quis orci.', 0, 551, 1, 65, 422, '2019-04-16 15:51:56'),
(910, 'blandit ultrices enim lorem ipsum dolor', 'Phasellus id sapien in sapien iaculis congue. Vivamus metus arcu, adipiscing molestie, hendrerit at, vulputate vitae, nisl. Aenean lectus. Pellentesque eget nunc. Donec quis orci eget orci vehicula condimentum. Curabitur in libero ut massa volutpat convallis.', 1, 561, 4, 83, NULL, '2019-08-22 09:46:23'),
(911, 'ridiculus mus etiam vel', 'Sed sagittis. Nam congue, risus semper porta volutpat, quam pede lobortis ligula, sit amet eleifend pede libero quis orci. Nullam molestie nibh in lectus. Pellentesque at nulla. Suspendisse potenti.', 1, 501, 2, 43, NULL, '2019-05-23 13:06:35'),
(912, 'amet nulla', 'Lorem ipsum dolor sit amet, consectetuer adipiscing elit. Proin risus. Praesent lectus. Vestibulum quam sapien, varius ut, blandit non, interdum in, ante. Vestibulum ante ipsum primis in faucibus orci luctus et ultrices posuere cubilia Curae; Duis faucibus accumsan odio. Curabitur convallis. Duis consequat dui nec nisi volutpat eleifend.', 1, 138, 3, 25, NULL, '2020-02-18 15:42:18'),
(913, 'in felis donec semper', 'Maecenas rhoncus aliquam lacus. Morbi quis tortor id nulla ultrices aliquet. Maecenas leo odio, condimentum id, luctus nec, molestie sed, justo.', 0, 501, 2, 80, 839, '2019-07-15 19:08:22'),
(914, 'aenean auctor gravida sem praesent', 'Vivamus in felis eu sapien cursus vestibulum. Proin eu mi. Nulla ac enim.', 0, 478, 1, 99, 818, '2020-01-04 10:58:05'),
(915, 'non mauris morbi', 'In hac habitasse platea dictumst. Morbi vestibulum, velit id pretium iaculis, diam erat fermentum justo, nec condimentum neque sapien placerat ante. Nulla justo. Aliquam quis turpis eget elit sodales scelerisque. Mauris sit amet eros. Suspendisse accumsan tortor quis turpis. Sed ante. Vivamus tortor.', 0, 514, 3, 51, 108, '2019-04-10 23:24:27'),
(916, 'adipiscing elit proin', 'Integer tincidunt ante vel ipsum. Praesent blandit lacinia erat. Vestibulum sed magna at nunc commodo placerat. Praesent blandit. Nam nulla.', 0, 163, 1, 66, 802, '2019-08-19 10:02:14'),
(917, 'aenean fermentum donec ut', 'Maecenas pulvinar lobortis est. Phasellus sit amet erat. Nulla tempus. Vivamus in felis eu sapien cursus vestibulum.', 0, 163, 3, 35, 998, '2019-09-02 03:07:26'),
(918, 'amet consectetuer adipiscing elit proin', 'Nulla tellus. In sagittis dui vel nisl. Duis ac nibh.', 1, 368, 2, 20, NULL, '2019-11-02 18:14:52'),
(919, 'iaculis congue vivamus metus arcu adipiscing molestie hendrerit', 'Pellentesque ultrices mattis odio. Donec vitae nisi. Nam ultrices, libero non mattis pulvinar, nulla pede ullamcorper augue, a suscipit nulla elit ac nulla. Sed vel enim sit amet nunc viverra dapibus. Nulla suscipit ligula in lacus. Curabitur at ipsum ac tellus semper interdum. Mauris ullamcorper purus sit amet nulla.', 0, 257, 1, 27, NULL, '2019-06-08 03:47:10'),
(920, 'neque duis bibendum morbi non quam nec', 'Cras non velit nec nisi vulputate nonummy. Maecenas tincidunt lacus at velit. Vivamus vel nulla eget eros elementum pellentesque. Quisque porta volutpat erat. Quisque erat eros, viverra eget, congue eget, semper rutrum, nulla. Nunc purus. Phasellus in felis.', 0, 404, 1, 85, 827, '2019-11-13 03:29:22'),
(921, 'nam congue risus semper porta volutpat', 'Morbi quis tortor id nulla ultrices aliquet. Maecenas leo odio, condimentum id, luctus nec, molestie sed, justo. Pellentesque viverra pede ac diam. Cras pellentesque volutpat dui. Maecenas tristique, est et tempus semper, est quam pharetra magna, ac consequat metus sapien ut nunc. Vestibulum ante ipsum primis in faucibus orci luctus et ultrices posuere cubilia Curae; Mauris viverra diam vitae quam.', 0, 337, 5, 66, 622, '2019-03-27 18:57:11'),
(922, 'rhoncus aliquam lacus morbi quis tortor id', 'Morbi non quam nec dui luctus rutrum. Nulla tellus.', 0, 436, 3, 45, 966, '2020-01-13 22:44:44'),
(923, 'nonummy integer', 'Nulla nisl. Nunc nisl. Duis bibendum, felis sed interdum venenatis, turpis enim blandit mi, in porttitor pede justo eu massa. Donec dapibus. Duis at velit eu est congue elementum.', 1, 518, 5, 52, NULL, '2020-01-31 17:14:09'),
(924, 'dapibus augue vel accumsan', 'Donec quis orci eget orci vehicula condimentum. Curabitur in libero ut massa volutpat convallis. Morbi odio odio, elementum eu, interdum eu, tincidunt in, leo. Maecenas pulvinar lobortis est. Phasellus sit amet erat.', 0, 246, 5, 32, 755, '2019-03-07 12:59:20'),
(925, 'primis in faucibus orci', 'Aliquam sit amet diam in magna bibendum imperdiet. Nullam orci pede, venenatis non, sodales sed, tincidunt eu, felis. Fusce posuere felis sed lacus. Morbi sem mauris, laoreet ut, rhoncus aliquet, pulvinar sed, nisl. Nunc rhoncus dui vel sem. Sed sagittis.', 0, 283, 1, 84, 484, '2019-08-13 17:36:00'),
(926, 'sem mauris', 'Vivamus metus arcu, adipiscing molestie, hendrerit at, vulputate vitae, nisl. Aenean lectus.', 0, 226, 5, 65, 705, '2019-03-14 07:01:33'),
(927, 'nisi nam ultrices libero non', 'Proin leo odio, porttitor id, consequat in, consequat ut, nulla. Sed accumsan felis. Ut at dolor quis odio consequat varius.', 0, 206, 5, 10, NULL, '2019-10-06 19:17:50'),
(928, 'sapien a libero nam dui proin leo odio', 'Aenean sit amet justo. Morbi ut odio. Cras mi pede, malesuada in, imperdiet et, commodo vulputate, justo. In blandit ultrices enim. Lorem ipsum dolor sit amet, consectetuer adipiscing elit.', 0, 195, 1, 12, 239, '2019-08-04 20:34:14'),
(929, 'praesent blandit lacinia', 'Nam dui. Proin leo odio, porttitor id, consequat in, consequat ut, nulla. Sed accumsan felis. Ut at dolor quis odio consequat varius.', 0, 221, 3, 85, 75, '2019-11-01 08:23:38'),
(930, 'eu magna vulputate luctus cum sociis natoque penatibus', 'Suspendisse ornare consequat lectus. In est risus, auctor sed, tristique in, tempus sit amet, sem. Fusce consequat. Nulla nisl. Nunc nisl. Duis bibendum, felis sed interdum venenatis, turpis enim blandit mi, in porttitor pede justo eu massa. Donec dapibus.', 0, 171, 4, 60, 187, '2019-09-11 13:15:50'),
(931, 'est quam pharetra magna ac consequat', 'Vivamus metus arcu, adipiscing molestie, hendrerit at, vulputate vitae, nisl. Aenean lectus. Pellentesque eget nunc. Donec quis orci eget orci vehicula condimentum. Curabitur in libero ut massa volutpat convallis. Morbi odio odio, elementum eu, interdum eu, tincidunt in, leo.', 0, 502, 1, 87, NULL, '2019-02-28 02:15:28'),
(932, 'metus arcu adipiscing', 'Morbi non quam nec dui luctus rutrum. Nulla tellus. In sagittis dui vel nisl.', 0, 160, 2, 80, 689, '2019-07-01 22:19:22'),
(933, 'semper est quam pharetra magna ac', 'Suspendisse ornare consequat lectus. In est risus, auctor sed, tristique in, tempus sit amet, sem. Fusce consequat.', 1, 429, 2, 52, NULL, '2019-02-27 03:26:46'),
(934, 'lacus curabitur at ipsum', 'Nam dui. Proin leo odio, porttitor id, consequat in, consequat ut, nulla.', 0, 402, 3, 35, NULL, '2019-08-20 21:22:56'),
(935, 'luctus et ultrices posuere', 'Nam congue, risus semper porta volutpat, quam pede lobortis ligula, sit amet eleifend pede libero quis orci. Nullam molestie nibh in lectus. Pellentesque at nulla. Suspendisse potenti. Cras in purus eu magna vulputate luctus.', 1, 445, 1, 82, NULL, '2019-07-21 00:46:57'),
(936, 'molestie sed justo pellentesque viverra', 'Integer aliquet, massa id lobortis convallis, tortor risus dapibus augue, vel accumsan tellus nisi eu orci. Mauris lacinia sapien quis libero. Nullam sit amet turpis elementum ligula vehicula consequat. Morbi a ipsum.', 0, 250, 4, 16, 907, '2019-10-16 23:30:10'),
(937, 'odio porttitor id consequat in consequat', 'Maecenas tincidunt lacus at velit. Vivamus vel nulla eget eros elementum pellentesque. Quisque porta volutpat erat. Quisque erat eros, viverra eget, congue eget, semper rutrum, nulla. Nunc purus. Phasellus in felis. Donec semper sapien a libero.', 0, 573, 3, 75, 100, '2019-03-11 01:18:48'),
(938, 'vel ipsum praesent blandit lacinia erat vestibulum sed', 'Cras pellentesque volutpat dui. Maecenas tristique, est et tempus semper, est quam pharetra magna, ac consequat metus sapien ut nunc. Vestibulum ante ipsum primis in faucibus orci luctus et ultrices posuere cubilia Curae; Mauris viverra diam vitae quam. Suspendisse potenti. Nullam porttitor lacus at turpis. Donec posuere metus vitae ipsum. Aliquam non mauris.', 0, 434, 5, 25, 204, '2019-07-22 14:25:55'),
(939, 'eleifend quam', 'Maecenas tristique, est et tempus semper, est quam pharetra magna, ac consequat metus sapien ut nunc. Vestibulum ante ipsum primis in faucibus orci luctus et ultrices posuere cubilia Curae; Mauris viverra diam vitae quam. Suspendisse potenti. Nullam porttitor lacus at turpis. Donec posuere metus vitae ipsum. Aliquam non mauris. Morbi non lectus. Aliquam sit amet diam in magna bibendum imperdiet.', 0, 160, 4, 4, 42, '2020-02-21 01:56:40'),
(940, 'ante ipsum primis in faucibus orci luctus', 'Cras pellentesque volutpat dui. Maecenas tristique, est et tempus semper, est quam pharetra magna, ac consequat metus sapien ut nunc. Vestibulum ante ipsum primis in faucibus orci luctus et ultrices posuere cubilia Curae; Mauris viverra diam vitae quam. Suspendisse potenti. Nullam porttitor lacus at turpis.', 0, 424, 1, 32, NULL, '2019-07-25 19:40:27'),
(941, 'sociis natoque penatibus', 'Pellentesque at nulla. Suspendisse potenti. Cras in purus eu magna vulputate luctus. Cum sociis natoque penatibus et magnis dis parturient montes, nascetur ridiculus mus. Vivamus vestibulum sagittis sapien. Cum sociis natoque penatibus et magnis dis parturient montes, nascetur ridiculus mus. Etiam vel augue.', 0, 595, 5, 96, 23, '2019-05-07 08:18:58'),
(942, 'sit amet sapien dignissim vestibulum vestibulum', 'Nam congue, risus semper porta volutpat, quam pede lobortis ligula, sit amet eleifend pede libero quis orci. Nullam molestie nibh in lectus. Pellentesque at nulla. Suspendisse potenti. Cras in purus eu magna vulputate luctus. Cum sociis natoque penatibus et magnis dis parturient montes, nascetur ridiculus mus. Vivamus vestibulum sagittis sapien.', 0, 355, 3, 63, NULL, '2019-05-17 04:20:19'),
(943, 'justo maecenas rhoncus aliquam', 'In sagittis dui vel nisl. Duis ac nibh.', 1, 426, 1, 43, NULL, '2019-05-10 09:18:50'),
(944, 'nulla pede ullamcorper augue', 'Etiam justo. Etiam pretium iaculis justo. In hac habitasse platea dictumst. Etiam faucibus cursus urna. Ut tellus.', 0, 541, 4, 30, NULL, '2019-10-22 17:38:44'),
(945, 'erat quisque erat', 'Aliquam erat volutpat. In congue. Etiam justo. Etiam pretium iaculis justo. In hac habitasse platea dictumst. Etiam faucibus cursus urna. Ut tellus.', 0, 216, 2, 51, 247, '2019-08-18 06:12:32'),
(946, 'euismod scelerisque quam turpis', 'Ut tellus. Nulla ut erat id mauris vulputate elementum. Nullam varius. Nulla facilisi. Cras non velit nec nisi vulputate nonummy. Maecenas tincidunt lacus at velit. Vivamus vel nulla eget eros elementum pellentesque.', 0, 412, 2, 23, 887, '2019-09-02 06:50:33'),
(947, 'convallis morbi odio odio elementum eu interdum', 'Maecenas rhoncus aliquam lacus. Morbi quis tortor id nulla ultrices aliquet. Maecenas leo odio, condimentum id, luctus nec, molestie sed, justo. Pellentesque viverra pede ac diam.', 0, 250, 2, 81, 674, '2019-12-05 00:54:18'),
(948, 'nibh fusce lacus purus aliquet', 'Phasellus in felis. Donec semper sapien a libero. Nam dui. Proin leo odio, porttitor id, consequat in, consequat ut, nulla. Sed accumsan felis. Ut at dolor quis odio consequat varius. Integer ac leo.', 0, 148, 2, 23, 740, '2019-06-12 08:46:02'),
(949, 'nulla justo aliquam quis turpis eget elit sodales', 'Quisque porta volutpat erat. Quisque erat eros, viverra eget, congue eget, semper rutrum, nulla. Nunc purus. Phasellus in felis. Donec semper sapien a libero. Nam dui.', 0, 353, 3, 7, 659, '2019-03-18 05:50:36'),
(950, 'in purus', 'Nullam molestie nibh in lectus. Pellentesque at nulla. Suspendisse potenti.', 0, 526, 5, 93, 540, '2019-10-19 19:01:48'),
(951, 'vestibulum ante ipsum primis in faucibus orci luctus', 'Pellentesque ultrices mattis odio. Donec vitae nisi. Nam ultrices, libero non mattis pulvinar, nulla pede ullamcorper augue, a suscipit nulla elit ac nulla. Sed vel enim sit amet nunc viverra dapibus. Nulla suscipit ligula in lacus. Curabitur at ipsum ac tellus semper interdum.', 0, 241, 2, 34, 983, '2019-07-01 19:51:26'),
(952, 'justo lacinia eget tincidunt', 'Nam congue, risus semper porta volutpat, quam pede lobortis ligula, sit amet eleifend pede libero quis orci. Nullam molestie nibh in lectus.', 0, 565, 4, 65, 641, '2019-04-24 09:43:16'),
(953, 'volutpat erat quisque erat eros viverra', 'Morbi porttitor lorem id ligula. Suspendisse ornare consequat lectus. In est risus, auctor sed, tristique in, tempus sit amet, sem. Fusce consequat. Nulla nisl.', 0, 339, 2, 88, NULL, '2019-07-16 13:11:51'),
(954, 'pellentesque eget nunc donec quis', 'Phasellus id sapien in sapien iaculis congue. Vivamus metus arcu, adipiscing molestie, hendrerit at, vulputate vitae, nisl. Aenean lectus. Pellentesque eget nunc.', 1, 181, 5, 75, NULL, '2019-10-18 19:21:21'),
(955, 'sed magna at', 'Praesent lectus. Vestibulum quam sapien, varius ut, blandit non, interdum in, ante. Vestibulum ante ipsum primis in faucibus orci luctus et ultrices posuere cubilia Curae; Duis faucibus accumsan odio. Curabitur convallis. Duis consequat dui nec nisi volutpat eleifend.', 0, 366, 2, 51, 978, '2019-10-08 11:03:10'),
(956, 'consequat in consequat ut', 'Nunc nisl. Duis bibendum, felis sed interdum venenatis, turpis enim blandit mi, in porttitor pede justo eu massa. Donec dapibus. Duis at velit eu est congue elementum.', 0, 190, 1, 16, 452, '2019-07-16 14:06:05'),
(957, 'proin leo odio porttitor id consequat in consequat', 'Duis mattis egestas metus. Aenean fermentum. Donec ut mauris eget massa tempor convallis. Nulla neque libero, convallis eget, eleifend luctus, ultricies eu, nibh.', 0, 546, 5, 64, NULL, '2019-04-10 09:52:23'),
(958, 'interdum mauris ullamcorper purus', 'Vivamus vestibulum sagittis sapien. Cum sociis natoque penatibus et magnis dis parturient montes, nascetur ridiculus mus. Etiam vel augue. Vestibulum rutrum rutrum neque. Aenean auctor gravida sem.', 0, 309, 4, 21, NULL, '2019-04-04 02:48:38'),
(959, 'blandit non interdum in ante vestibulum ante ipsum', 'Mauris lacinia sapien quis libero. Nullam sit amet turpis elementum ligula vehicula consequat. Morbi a ipsum. Integer a nibh.', 0, 281, 3, 58, 698, '2020-01-20 03:17:08'),
(960, 'hac habitasse platea dictumst maecenas ut massa', 'Morbi vel lectus in quam fringilla rhoncus. Mauris enim leo, rhoncus sed, vestibulum sit amet, cursus id, turpis. Integer aliquet, massa id lobortis convallis, tortor risus dapibus augue, vel accumsan tellus nisi eu orci. Mauris lacinia sapien quis libero. Nullam sit amet turpis elementum ligula vehicula consequat. Morbi a ipsum. Integer a nibh. In quis justo.', 0, 358, 4, 24, 156, '2019-07-08 21:17:00'),
(961, 'dapibus duis at velit eu', 'Sed sagittis. Nam congue, risus semper porta volutpat, quam pede lobortis ligula, sit amet eleifend pede libero quis orci. Nullam molestie nibh in lectus.', 0, 422, 3, 22, 612, '2019-03-26 18:08:32'),
(962, 'est et tempus semper est quam pharetra', 'Morbi ut odio. Cras mi pede, malesuada in, imperdiet et, commodo vulputate, justo. In blandit ultrices enim. Lorem ipsum dolor sit amet, consectetuer adipiscing elit. Proin interdum mauris non ligula pellentesque ultrices. Phasellus id sapien in sapien iaculis congue. Vivamus metus arcu, adipiscing molestie, hendrerit at, vulputate vitae, nisl.', 0, 323, 1, 40, 882, '2019-07-02 00:21:30'),
(963, 'diam id ornare imperdiet sapien urna pretium', 'Lorem ipsum dolor sit amet, consectetuer adipiscing elit. Proin interdum mauris non ligula pellentesque ultrices. Phasellus id sapien in sapien iaculis congue. Vivamus metus arcu, adipiscing molestie, hendrerit at, vulputate vitae, nisl. Aenean lectus. Pellentesque eget nunc. Donec quis orci eget orci vehicula condimentum.', 0, 204, 5, 76, 438, '2020-01-27 15:04:10'),
(964, 'justo maecenas rhoncus', 'Morbi quis tortor id nulla ultrices aliquet. Maecenas leo odio, condimentum id, luctus nec, molestie sed, justo. Pellentesque viverra pede ac diam. Cras pellentesque volutpat dui. Maecenas tristique, est et tempus semper, est quam pharetra magna, ac consequat metus sapien ut nunc. Vestibulum ante ipsum primis in faucibus orci luctus et ultrices posuere cubilia Curae; Mauris viverra diam vitae quam. Suspendisse potenti. Nullam porttitor lacus at turpis.', 0, 430, 4, 44, NULL, '2019-07-12 03:58:53'),
(965, 'primis in faucibus orci', 'Nunc nisl. Duis bibendum, felis sed interdum venenatis, turpis enim blandit mi, in porttitor pede justo eu massa. Donec dapibus.', 0, 468, 4, 62, 895, '2019-03-07 01:16:19'),
(966, 'orci pede', 'In sagittis dui vel nisl. Duis ac nibh. Fusce lacus purus, aliquet at, feugiat non, pretium quis, lectus. Suspendisse potenti. In eleifend quam a odio. In hac habitasse platea dictumst. Maecenas ut massa quis augue luctus tincidunt.', 0, 478, 1, 42, 321, '2019-04-06 07:07:44'),
(967, 'eget nunc donec quis orci eget orci vehicula', 'Ut tellus. Nulla ut erat id mauris vulputate elementum. Nullam varius.', 0, 181, 2, 56, 481, '2019-06-27 02:36:00'),
(968, 'gravida sem praesent id massa id', 'Suspendisse ornare consequat lectus. In est risus, auctor sed, tristique in, tempus sit amet, sem.', 0, 322, 5, 27, NULL, '2019-05-03 00:31:43'),
(969, 'mauris sit amet eros suspendisse accumsan', 'In eleifend quam a odio. In hac habitasse platea dictumst. Maecenas ut massa quis augue luctus tincidunt. Nulla mollis molestie lorem. Quisque ut erat.', 1, 384, 3, 96, NULL, '2019-08-17 03:02:16'),
(970, 'justo aliquam quis', 'In congue. Etiam justo.', 0, 122, 4, 96, NULL, '2019-06-26 21:46:17'),
(971, 'pede venenatis non sodales', 'Integer a nibh. In quis justo.', 0, 583, 4, 24, 601, '2019-07-08 22:41:04'),
(972, 'felis sed interdum', 'In est risus, auctor sed, tristique in, tempus sit amet, sem. Fusce consequat.', 0, 120, 3, 73, 448, '2019-10-06 01:55:00'),
(973, 'pede venenatis non sodales sed tincidunt eu felis', 'Suspendisse potenti. Cras in purus eu magna vulputate luctus. Cum sociis natoque penatibus et magnis dis parturient montes, nascetur ridiculus mus. Vivamus vestibulum sagittis sapien. Cum sociis natoque penatibus et magnis dis parturient montes, nascetur ridiculus mus.', 0, 477, 3, 2, 871, '2019-08-21 11:38:39'),
(974, 'consequat metus sapien ut nunc', 'Morbi vestibulum, velit id pretium iaculis, diam erat fermentum justo, nec condimentum neque sapien placerat ante. Nulla justo. Aliquam quis turpis eget elit sodales scelerisque. Mauris sit amet eros.', 0, 532, 3, 48, 538, '2019-05-03 20:39:02'),
(975, 'lobortis est', 'Donec dapibus. Duis at velit eu est congue elementum. In hac habitasse platea dictumst. Morbi vestibulum, velit id pretium iaculis, diam erat fermentum justo, nec condimentum neque sapien placerat ante.', 0, 183, 4, 41, 847, '2019-11-08 16:15:49'),
(976, 'amet diam in magna bibendum', 'Duis bibendum, felis sed interdum venenatis, turpis enim blandit mi, in porttitor pede justo eu massa. Donec dapibus. Duis at velit eu est congue elementum. In hac habitasse platea dictumst. Morbi vestibulum, velit id pretium iaculis, diam erat fermentum justo, nec condimentum neque sapien placerat ante. Nulla justo. Aliquam quis turpis eget elit sodales scelerisque. Mauris sit amet eros.', 0, 439, 5, 81, 106, '2019-11-20 21:28:04'),
(977, 'sed accumsan felis ut', 'Praesent lectus. Vestibulum quam sapien, varius ut, blandit non, interdum in, ante. Vestibulum ante ipsum primis in faucibus orci luctus et ultrices posuere cubilia Curae; Duis faucibus accumsan odio. Curabitur convallis. Duis consequat dui nec nisi volutpat eleifend. Donec ut dolor. Morbi vel lectus in quam fringilla rhoncus. Mauris enim leo, rhoncus sed, vestibulum sit amet, cursus id, turpis.', 0, 309, 5, 77, 199, '2019-03-20 04:56:34'),
(978, 'augue vestibulum', 'Cras pellentesque volutpat dui. Maecenas tristique, est et tempus semper, est quam pharetra magna, ac consequat metus sapien ut nunc. Vestibulum ante ipsum primis in faucibus orci luctus et ultrices posuere cubilia Curae; Mauris viverra diam vitae quam. Suspendisse potenti.', 0, 462, 5, 10, 452, '2020-02-05 10:19:32'),
(979, 'ullamcorper augue a suscipit nulla elit ac', 'Ut tellus. Nulla ut erat id mauris vulputate elementum. Nullam varius. Nulla facilisi. Cras non velit nec nisi vulputate nonummy. Maecenas tincidunt lacus at velit. Vivamus vel nulla eget eros elementum pellentesque.', 1, 163, 4, 89, NULL, '2019-05-21 20:56:02'),
(980, 'eget orci vehicula', 'Vivamus in felis eu sapien cursus vestibulum. Proin eu mi. Nulla ac enim. In tempor, turpis nec euismod scelerisque, quam turpis adipiscing lorem, vitae mattis nibh ligula nec sem. Duis aliquam convallis nunc. Proin at turpis a pede posuere nonummy.', 1, 188, 3, 71, NULL, '2019-08-16 16:33:12'),
(981, 'proin leo odio porttitor', 'Nullam porttitor lacus at turpis. Donec posuere metus vitae ipsum. Aliquam non mauris. Morbi non lectus. Aliquam sit amet diam in magna bibendum imperdiet. Nullam orci pede, venenatis non, sodales sed, tincidunt eu, felis.', 1, 102, 4, 1, NULL, '2019-08-18 17:22:44'),
(982, 'libero rutrum ac', 'In tempor, turpis nec euismod scelerisque, quam turpis adipiscing lorem, vitae mattis nibh ligula nec sem. Duis aliquam convallis nunc.', 0, 390, 5, 11, 119, '2019-11-08 14:23:01'),
(983, 'ipsum integer a nibh in quis justo', 'Proin eu mi. Nulla ac enim. In tempor, turpis nec euismod scelerisque, quam turpis adipiscing lorem, vitae mattis nibh ligula nec sem. Duis aliquam convallis nunc. Proin at turpis a pede posuere nonummy. Integer non velit. Donec diam neque, vestibulum eget, vulputate ut, ultrices vel, augue.', 0, 231, 5, 68, 848, '2019-09-01 20:36:50'),
(984, 'quisque id justo sit amet sapien dignissim', 'Nulla suscipit ligula in lacus. Curabitur at ipsum ac tellus semper interdum. Mauris ullamcorper purus sit amet nulla. Quisque arcu libero, rutrum ac, lobortis vel, dapibus at, diam.', 0, 439, 3, 18, 282, '2019-08-28 07:43:06'),
(985, 'integer ac neque duis', 'Vivamus tortor. Duis mattis egestas metus. Aenean fermentum. Donec ut mauris eget massa tempor convallis. Nulla neque libero, convallis eget, eleifend luctus, ultricies eu, nibh. Quisque id justo sit amet sapien dignissim vestibulum. Vestibulum ante ipsum primis in faucibus orci luctus et ultrices posuere cubilia Curae; Nulla dapibus dolor vel est. Donec odio justo, sollicitudin ut, suscipit a, feugiat et, eros.', 0, 315, 2, 100, 882, '2020-02-05 06:09:32'),
(986, 'leo rhoncus sed vestibulum sit amet cursus id', 'Vivamus vestibulum sagittis sapien. Cum sociis natoque penatibus et magnis dis parturient montes, nascetur ridiculus mus.', 1, 536, 1, 6, NULL, '2019-08-02 13:03:25'),
(987, 'aliquam non mauris morbi non lectus aliquam', 'Praesent blandit lacinia erat. Vestibulum sed magna at nunc commodo placerat. Praesent blandit. Nam nulla. Integer pede justo, lacinia eget, tincidunt eget, tempus vel, pede.', 0, 598, 5, 82, 684, '2019-05-09 20:13:08'),
(988, 'a suscipit nulla elit ac nulla sed', 'Aliquam augue quam, sollicitudin vitae, consectetuer eget, rutrum at, lorem. Integer tincidunt ante vel ipsum. Praesent blandit lacinia erat. Vestibulum sed magna at nunc commodo placerat. Praesent blandit. Nam nulla. Integer pede justo, lacinia eget, tincidunt eget, tempus vel, pede.', 1, 368, 4, 20, NULL, '2020-02-03 17:13:16'),
(989, 'leo odio porttitor id consequat', 'Mauris lacinia sapien quis libero. Nullam sit amet turpis elementum ligula vehicula consequat. Morbi a ipsum.', 0, 442, 3, 36, 97, '2019-04-18 09:17:53'),
(990, 'libero quis orci nullam molestie nibh in lectus', 'Pellentesque eget nunc. Donec quis orci eget orci vehicula condimentum.', 0, 356, 1, 4, 429, '2019-09-07 20:50:56'),
(991, 'mi nulla ac enim', 'Nulla mollis molestie lorem. Quisque ut erat. Curabitur gravida nisi at nibh.', 0, 118, 2, 54, 899, '2019-10-13 16:02:21'),
(992, 'quisque ut erat curabitur gravida', 'Aenean lectus. Pellentesque eget nunc. Donec quis orci eget orci vehicula condimentum.', 0, 134, 1, 85, 829, '2019-11-03 17:13:27'),
(993, 'ultrices posuere cubilia curae mauris viverra', 'Morbi vestibulum, velit id pretium iaculis, diam erat fermentum justo, nec condimentum neque sapien placerat ante. Nulla justo. Aliquam quis turpis eget elit sodales scelerisque.', 0, 219, 4, 63, 443, '2019-12-12 17:36:32'),
(994, 'lacus at velit vivamus vel nulla', 'Nunc rhoncus dui vel sem. Sed sagittis.', 1, 486, 3, 52, NULL, '2019-12-02 04:44:24'),
(995, 'dictumst morbi vestibulum velit id pretium', 'Vivamus metus arcu, adipiscing molestie, hendrerit at, vulputate vitae, nisl. Aenean lectus. Pellentesque eget nunc. Donec quis orci eget orci vehicula condimentum. Curabitur in libero ut massa volutpat convallis. Morbi odio odio, elementum eu, interdum eu, tincidunt in, leo.', 0, 320, 1, 66, 857, '2019-06-28 12:39:41'),
(996, 'sollicitudin vitae consectetuer eget rutrum at', 'Nulla neque libero, convallis eget, eleifend luctus, ultricies eu, nibh. Quisque id justo sit amet sapien dignissim vestibulum. Vestibulum ante ipsum primis in faucibus orci luctus et ultrices posuere cubilia Curae; Nulla dapibus dolor vel est. Donec odio justo, sollicitudin ut, suscipit a, feugiat et, eros. Vestibulum ac est lacinia nisi venenatis tristique. Fusce congue, diam id ornare imperdiet, sapien urna pretium nisl, ut volutpat sapien arcu sed augue. Aliquam erat volutpat. In congue.', 0, 215, 5, 74, 112, '2019-09-29 02:05:07'),
(997, 'velit id pretium iaculis diam erat fermentum', 'Nam nulla. Integer pede justo, lacinia eget, tincidunt eget, tempus vel, pede.', 0, 203, 1, 57, 318, '2019-07-27 02:20:44'),
(998, 'ipsum dolor sit amet consectetuer adipiscing', 'Maecenas tincidunt lacus at velit. Vivamus vel nulla eget eros elementum pellentesque. Quisque porta volutpat erat. Quisque erat eros, viverra eget, congue eget, semper rutrum, nulla.', 0, 169, 3, 23, 119, '2019-07-13 02:14:51'),
(999, 'massa quis augue luctus', 'Sed ante. Vivamus tortor. Duis mattis egestas metus. Aenean fermentum. Donec ut mauris eget massa tempor convallis. Nulla neque libero, convallis eget, eleifend luctus, ultricies eu, nibh.', 0, 193, 2, 24, 177, '2019-07-16 22:47:19'),
(1000, 'duis at velit eu est', 'Suspendisse ornare consequat lectus. In est risus, auctor sed, tristique in, tempus sit amet, sem. Fusce consequat. Nulla nisl. Nunc nisl. Duis bibendum, felis sed interdum venenatis, turpis enim blandit mi, in porttitor pede justo eu massa. Donec dapibus. Duis at velit eu est congue elementum.', 0, 301, 4, 61, 684, '2020-02-23 17:50:04');

-- --------------------------------------------------------

--
-- Table structure for table `users`
--

CREATE TABLE `users` (
  `id` int(11) NOT NULL,
  `first_name` varchar(255) NOT NULL,
  `last_name` varchar(255) NOT NULL,
  `username` varchar(255) NOT NULL,
  `email` varchar(255) NOT NULL,
  `password` varchar(255) NOT NULL,
  `default_profile_img` tinyint(1) NOT NULL,
  `default_cover_img` tinyint(1) NOT NULL,
  `reg_date` datetime NOT NULL DEFAULT current_timestamp()
) ENGINE=InnoDB DEFAULT CHARSET=utf8;

--
-- Dumping data for table `users`
--

INSERT INTO `users` (`id`, `first_name`, `last_name`, `username`, `email`, `password`, `default_profile_img`, `default_cover_img`, `reg_date`) VALUES
(1, 'Walden', 'Claffey', 'aoppy1n', 'wclaffey0@last.fm', 'N6GkwcP5', 0, 0, '2019-05-13 06:14:00'),
(2, 'Consuela', 'McKeever', 'lwhiterod27', 'cmckeever1@people.com.cn', 'kDZK30OqHsiZ', 1, 0, '2019-10-16 11:26:07'),
(3, 'Ulberto', 'Keyte', 'bdormon1m', 'ukeyte2@simplemachines.org', 'LKo1wh', 1, 0, '2019-09-09 11:46:46'),
(4, 'Louise', 'Barrott', 'agurery5', 'lbarrott3@unblog.fr', 'oE5CxpvJJMJ', 1, 0, '2019-12-12 11:43:29'),
(5, 'Aurora', 'Dun', 'sstevani2k', 'adun4@dyndns.org', 'kUeAUEjQ2', 1, 1, '2020-01-03 12:43:22'),
(6, 'Rachelle', 'Ramplee', 'tchatterton19', 'rramplee5@cbslocal.com', 'ZDq3rMz', 1, 0, '2019-12-14 09:29:09'),
(7, 'Eadie', 'Peto', 'gpannett2r', 'epeto6@cbc.ca', 'U8Vy7Xro82Y', 0, 0, '2019-11-22 20:11:42'),
(8, 'Ronald', 'Hightown', 'fmesser23', 'rhightown7@newsvine.com', 'IlM52ex', 0, 1, '2019-09-13 03:18:43'),
(9, 'Dex', 'Enoch', 'zrosensaft13', 'denoch8@google.com', 'H4QmNJrYDeXf', 1, 1, '2019-06-07 11:54:54'),
(10, 'Whittaker', 'Click', 'ahully28', 'wclick9@nydailynews.com', 'WYLuleIxAdP', 1, 0, '2019-07-17 23:51:53'),
(11, 'Arnaldo', 'Volett', 'nmuris2f', 'avoletta@bloglovin.com', '4uCrWXL', 0, 0, '2019-09-11 23:30:47'),
(12, 'Cornelia', 'Pidwell', 'dwilkennson2g', 'cpidwellb@163.com', 'u872iyNGQ', 0, 1, '2019-10-23 16:39:48'),
(13, 'Enoch', 'Stainton - Skinn', 'fmesser23', 'estaintonskinnc@weibo.com', '61QH4qk', 1, 0, '2019-11-30 11:57:16'),
(14, 'Hussein', 'Clarson', 'dmale29', 'hclarsond@usnews.com', 'D6QuEKAd', 0, 0, '2019-12-27 00:58:57'),
(15, 'Reinhard', 'Barthram', 'rstoffela', 'rbarthrame@shop-pro.jp', 'sJKH5slA', 0, 1, '2019-10-22 18:49:33'),
(16, 'Harrison', 'Arnaldi', 'tlemasneyn', 'harnaldif@clickbank.net', 'WEjMsMr', 1, 0, '2019-05-26 21:27:35'),
(17, 'Ricardo', 'Oland', 'mmenel24', 'rolandg@amazonaws.com', 'rN2xN9fQ', 1, 1, '2019-06-10 06:18:11'),
(18, 'Perren', 'Nolleau', 'lberthot2b', 'pnolleauh@npr.org', 'GiG1CUc79', 0, 1, '2019-04-06 09:44:24'),
(19, 'Bidget', 'Kinnach', 'rsayer2e', 'bkinnachi@princeton.edu', 'tcVcLg0DhX', 1, 1, '2019-08-13 09:52:15'),
(20, 'Jerry', 'Walling', 'gmaccoveney1q', 'jwallingj@blinklist.com', 'VbQEdFX1', 1, 1, '2019-10-23 11:07:01'),
(21, 'Desmond', 'Grimsditch', 'kschumacherh', 'dgrimsditchk@rakuten.co.jp', 'WmXKY9Gxbn', 0, 0, '2020-02-07 18:36:44'),
(22, 'Corinne', 'Kolodziej', 'gfrankes18', 'ckolodziejl@seattletimes.com', '53uel5BhZKrN', 1, 0, '2020-02-23 19:37:54'),
(23, 'Hadleigh', 'Dwyer', 'nloton15', 'hdwyerm@vistaprint.com', 'Bjd92MxhmE', 1, 1, '2019-10-20 12:00:29'),
(24, 'Ingeborg', 'Hanmer', 'acoyettc', 'ihanmern@jimdo.com', '1PFjWOD', 1, 0, '2019-12-07 17:28:28'),
(25, 'Evvie', 'Blowne', 'ppartnerf', 'eblowneo@google.es', 'AeZ0Wx2', 0, 0, '2019-06-05 20:47:08'),
(26, 'Margaux', 'Baud', 'dgwioneth25', 'mbaudp@hostgator.com', 'ULEyawi', 0, 0, '2020-01-22 19:53:01'),
(27, 'Gloria', 'Sunley', 'sseabrockeq', 'gsunleyq@yandex.ru', 'j6SPmCHc4', 0, 1, '2019-08-29 13:36:21'),
(28, 'Emmery', 'Spincks', 'abettis2c', 'espincksr@rediff.com', 'SaSPM3z', 0, 0, '2020-02-22 22:20:54'),
(29, 'Ram', 'Oliffe', 'ahully28', 'roliffes@nhs.uk', 'zUqNwnC', 1, 0, '2019-09-22 20:04:39'),
(30, 'Jeanette', 'Pellew', 'sseabrockeq', 'jpellewt@fc2.com', 'SEj0hPVkq', 1, 1, '2020-01-21 09:40:23'),
(31, 'Ulla', 'Iskow', 'lquigg2o', 'uiskowu@springer.com', '7EieZQeJeX', 1, 1, '2019-04-03 03:17:53'),
(32, 'Nicolai', 'Stanway', 'rsayer2e', 'nstanwayv@smugmug.com', 'ovRsXg', 0, 1, '2019-07-02 20:11:24'),
(33, 'Marigold', 'Kolczynski', 'kmiddlemiss1w', 'mkolczynskiw@nationalgeographic.com', 'AdH6LCsC2a', 1, 0, '2019-03-14 13:59:30'),
(34, 'Walliw', 'Bovey', 'tmaylin1e', 'wboveyx@pinterest.com', 'S4oevVL', 1, 0, '2019-07-07 04:19:28'),
(35, 'Welch', 'Kalberer', 'kschumacherh', 'wkalberery@umich.edu', '5G9BQPO6g', 1, 1, '2019-12-16 02:12:02'),
(36, 'Ross', 'McNiven', 'nmuris2f', 'rmcnivenz@fastcompany.com', '4Ac94UNnD', 1, 0, '2019-08-20 23:50:28'),
(37, 'Feodora', 'Fowlie', 'bpoundford2i', 'ffowlie10@deviantart.com', 'bQQpRlIY75o', 0, 1, '2019-06-12 12:28:54'),
(38, 'Celestine', 'Landall', 'kwickettx', 'clandall11@ca.gov', 'AohL4Me', 0, 0, '2019-06-27 08:21:22'),
(39, 'Elena', 'MacCombe', 'gbendik1p', 'emaccombe12@yahoo.co.jp', 'L0208v2t', 1, 1, '2019-09-27 14:05:35'),
(40, 'Hyacinthie', 'Egell', 'agurery5', 'hegell13@ehow.com', 'nXX26u', 0, 0, '2019-05-10 06:59:50'),
(41, 'Wynne', 'Knevit', 'sseabrockeq', 'wknevit14@examiner.com', 'nCQ9jOBUMS1U', 0, 0, '2019-05-20 03:30:04'),
(42, 'Jaclin', 'Rosenstock', 'hvillaru', 'jrosenstock15@xrea.com', 'sRo8qzSbz', 1, 1, '2019-06-24 07:51:10'),
(43, 'Nerita', 'Trenfield', 'mondrus17', 'ntrenfield16@symantec.com', 'CujwUB55i', 1, 0, '2019-09-23 07:12:13'),
(44, 'Jerald', 'Seakes', 'fleverittp', 'jseakes17@imdb.com', 'MjoaFZ', 0, 1, '2019-06-08 00:45:42'),
(45, 'Merilee', 'Ciotto', 'sisitt12', 'mciotto18@rediff.com', 'yzGPcs', 1, 0, '2020-01-14 07:43:46'),
(46, 'Izzy', 'Smail', 'wbugden0', 'ismail19@noaa.gov', '1mN3Ibka', 0, 1, '2020-01-15 04:54:16'),
(47, 'Shawna', 'Frodsham', 'gmaccoveney1q', 'sfrodsham1a@feedburner.com', 'Xh6IHqgtjFf', 1, 1, '2019-07-12 20:04:38'),
(48, 'Forrest', 'Crockley', 'rrizzello1h', 'fcrockley1b@t.co', 'DzasYsIdm', 0, 0, '2019-12-31 01:35:53'),
(49, 'Judy', 'Jochen', 'ccadge14', 'jjochen1c@wikipedia.org', 'BgP3l3HF1N', 1, 1, '2019-09-16 10:07:27'),
(50, 'Matthieu', 'Mandrey', 'nloton15', 'mmandrey1d@bravesites.com', 'wrSsYANwX', 1, 0, '2019-12-05 03:01:38'),
(51, 'Rusty', 'Shrimpling', 'efaherty1b', 'rshrimpling1e@time.com', '10SIbxvYt', 0, 1, '2020-02-20 05:42:52'),
(52, 'Ossie', 'Durban', 'sstevani2k', 'odurban1f@washingtonpost.com', 'I4q5y0aQmTFk', 1, 1, '2019-11-15 16:31:50'),
(53, 'Kathleen', 'Mattocks', 'halldrei', 'kmattocks1g@odnoklassniki.ru', '6Bemp9n', 0, 1, '2019-11-07 12:31:29'),
(54, 'Cristobal', 'Spataro', 'bdormon1m', 'cspataro1h@reddit.com', 'swJiIFde', 1, 1, '2019-12-23 01:22:39'),
(55, 'Noami', 'Turbefield', 'dwilkennson2g', 'nturbefield1i@ftc.gov', 'vlAfYY4TlXq', 1, 0, '2020-02-11 23:54:32'),
(56, 'Walliw', 'McCoish', 'ahully28', 'wmccoish1j@arizona.edu', '2mC6Qu4s09H', 1, 0, '2019-07-14 10:53:01'),
(57, 'Catherin', 'Caustick', 'bpoundford2i', 'ccaustick1k@yahoo.com', 'uheG4cPC1z', 1, 0, '2019-09-22 03:41:52'),
(58, 'Ivie', 'Prinett', 'asallery20', 'iprinett1l@upenn.edu', 'wXuqvDqbU', 1, 1, '2019-08-12 17:41:05'),
(59, 'Hewitt', 'Ipsley', 'gmaccoveney1q', 'hipsley1m@uol.com.br', 'K1Tkehp', 0, 0, '2019-12-28 17:53:12'),
(60, 'Lonni', 'Urry', 'kmiddlemiss1w', 'lurry1n@shutterfly.com', 'gV4EVU7pOfGt', 0, 0, '2020-02-21 00:07:02'),
(61, 'Kingsley', 'Morillas', 'ccadge14', 'kmorillas1o@barnesandnoble.com', 'KfgKblHT5N', 0, 1, '2019-03-11 13:44:02'),
(62, 'Reinhard', 'Girodon', 'mchaperlin26', 'rgirodon1p@nytimes.com', 'r0checb', 0, 0, '2020-02-23 21:55:02'),
(63, 'Odette', 'Abad', 'varboine1i', 'oabad1q@vkontakte.ru', 'cghGC13VOVa', 0, 1, '2020-01-16 00:53:27'),
(64, 'Etienne', 'Mattiazzi', 'jpennick2a', 'emattiazzi1r@fastcompany.com', 'lPs4aI', 1, 0, '2019-06-01 08:32:14'),
(65, 'Ashia', 'Prugel', 'sisitt12', 'aprugel1s@ted.com', '4HCcosyzb4', 0, 0, '2020-01-23 15:17:52'),
(66, 'Jeno', 'Semmens', 'ccadge14', 'jsemmens1t@bing.com', 'N2WDH6HP5CGN', 0, 0, '2019-12-20 07:30:27'),
(67, 'Berenice', 'Piotrkowski', 'fleverittp', 'bpiotrkowski1u@about.com', 'azEdc9', 0, 0, '2019-10-12 07:45:48'),
(68, 'Gunner', 'McMeekin', 'halldrei', 'gmcmeekin1v@howstuffworks.com', 'kCKjJhuuENq', 0, 1, '2020-02-10 12:07:24'),
(69, 'Libbie', 'McKintosh', 'rsayer2e', 'lmckintosh1w@sitemeter.com', 'Zbtoeo', 0, 0, '2019-07-05 21:02:30'),
(70, 'Ari', 'Landal', 'clevene1u', 'alandal1x@archive.org', 'q8a4PBdh4B', 0, 0, '2019-02-26 18:56:45'),
(71, 'Nichol', 'Cotgrave', 'kmerrgen9', 'ncotgrave1y@booking.com', '2pekNm5', 1, 0, '2019-11-21 12:08:17'),
(72, 'Binnie', 'Grieger', 'ajirusek2', 'bgrieger1z@oaic.gov.au', 'W2aEcf2rtdBj', 1, 1, '2019-08-30 22:04:20'),
(73, 'Babs', 'Strong', 'kschumacherh', 'bstrong20@google.co.jp', 'RkjTvemikI', 1, 0, '2019-06-11 19:54:32'),
(74, 'Collete', 'Vanes', 'clevene1u', 'cvanes21@whitehouse.gov', 'DjmTMLswfMd', 0, 1, '2019-07-30 20:59:17'),
(75, 'Jenda', 'Bewley', 'mmenel24', 'jbewley22@newsvine.com', 'gkljTnZ6Vt', 0, 1, '2020-02-05 23:34:56'),
(76, 'Ariana', 'Simecek', 'mondrus17', 'asimecek23@blogger.com', 'FXxKFG4zAsi', 0, 0, '2020-01-11 20:10:02'),
(77, 'Ryley', 'Lissandri', 'zrosensaft13', 'rlissandri24@list-manage.com', '9SpTFN10X', 1, 0, '2019-11-17 00:11:16'),
(78, 'Hubie', 'Katzmann', 'kmerrgen9', 'hkatzmann25@dropbox.com', 'Vy5Jn5KkE', 0, 1, '2019-10-15 23:32:08'),
(79, 'Barrie', 'Portriss', 'mchaperlin26', 'bportriss26@cbc.ca', 'cOqZ1tbsXDZ3', 0, 1, '2019-09-23 14:24:48'),
(80, 'Reeba', 'Fetherston', 'fohollegan1d', 'rfetherston27@tuttocitta.it', 'pzaa6tM4EdNm', 0, 0, '2019-03-15 04:43:02'),
(81, 'Erwin', 'Huey', 'tlemasneyn', 'ehuey28@purevolume.com', 'NN9GvnjLQc', 1, 1, '2019-06-17 13:50:50'),
(82, 'Marci', 'Cadman', 'gcuttle2m', 'mcadman29@dagondesign.com', 'fVOsjNc', 1, 0, '2020-01-05 11:23:46'),
(83, 'Maxim', 'Pietruszewicz', 'sisitt12', 'mpietruszewicz2a@issuu.com', 'yXWwZbBNQM', 1, 0, '2019-12-06 01:36:49'),
(84, 'Shelli', 'Kubec', 'gpannett2r', 'skubec2b@dailymotion.com', 'MYyvQKO', 0, 1, '2019-10-14 09:25:18'),
(85, 'Krissy', 'Stawell', 'hvillaru', 'kstawell2c@prweb.com', 'ESsTqDiuH', 1, 0, '2020-02-17 00:39:25'),
(86, 'Kacy', 'Hawkshaw', 'tlemasneyn', 'khawkshaw2d@samsung.com', 'In45JWwnY', 1, 1, '2019-04-20 03:32:53'),
(87, 'Sonya', 'Krzysztof', 'gstolworthyj', 'skrzysztof2e@disqus.com', 'Ua9FLBrJM', 1, 1, '2020-02-03 09:23:38'),
(88, 'Addia', 'Toping', 'sseabrockeq', 'atoping2f@google.com.hk', 'EQdTXE2HQF', 0, 0, '2019-08-13 10:28:08'),
(89, 'Son', 'Clausson', 'gcandelin21', 'sclausson2g@miitbeian.gov.cn', '2tY6Q8sCVq', 0, 0, '2020-02-23 01:17:05'),
(90, 'Manuel', 'Habbema', 'lberthot2b', 'mhabbema2h@msu.edu', '5PPwGnvSsjQY', 1, 0, '2019-07-19 06:00:17'),
(91, 'Jenine', 'Tumayan', 'aoppy1n', 'jtumayan2i@reddit.com', 'xyaFQix', 0, 0, '2019-11-08 15:57:53'),
(92, 'Jesselyn', 'Dobbings', 'rsayer2e', 'jdobbings2j@ask.com', 'JUjJPxQQ2lm', 1, 1, '2020-01-26 15:03:19'),
(93, 'Susette', 'Colleton', 'mmenel24', 'scolleton2k@wikimedia.org', 'osEw27', 0, 0, '2019-07-21 13:10:03'),
(94, 'Ugo', 'Heller', 'clevene1u', 'uheller2l@trellian.com', 'D17H0JK8oPWV', 0, 0, '2020-02-13 05:16:27'),
(95, 'Birk', 'McLeman', 'tpinnionl', 'bmcleman2m@mapy.cz', 'SyzjYof', 1, 1, '2019-09-25 20:32:16'),
(96, 'Hewie', 'Champness', 'sdubarry2d', 'hchampness2n@utexas.edu', 'IFtlr1KzN8pY', 1, 1, '2019-05-15 01:45:30'),
(97, 'Gwenni', 'Parcells', 'cfosten11', 'gparcells2o@t.co', 'vk65d507ad', 0, 1, '2019-03-11 22:57:21'),
(98, 'Lacey', 'Bilston', 'lwhiterod27', 'lbilston2p@mozilla.com', 'uDL5D2qy71', 0, 0, '2019-05-25 01:18:08'),
(99, 'Katrina', 'Farnill', 'ccadge14', 'kfarnill2q@psu.edu', 'QzFJmxd', 0, 0, '2020-01-23 13:44:36'),
(100, 'Arlyn', 'Canizares', 'ebonnick2q', 'acanizares2r@a8.net', 'NqvZ6yi', 1, 0, '2019-11-04 12:16:27');

-- --------------------------------------------------------

--
-- Table structure for table `watch_list`
--

CREATE TABLE `watch_list` (
  `id` int(11) NOT NULL,
  `user` int(11) NOT NULL,
  `post` int(11) NOT NULL
) ENGINE=InnoDB DEFAULT CHARSET=utf8;

--
-- Indexes for dumped tables
--

--
-- Indexes for table `categories`
--
ALTER TABLE `categories`
  ADD PRIMARY KEY (`id`);

--
-- Indexes for table `messages`
--
ALTER TABLE `messages`
  ADD PRIMARY KEY (`id`),
  ADD KEY `author` (`author`),
  ADD KEY `recipient` (`recipient`);

--
-- Indexes for table `posts`
--
ALTER TABLE `posts`
  ADD PRIMARY KEY (`id`),
  ADD KEY `category` (`category`),
  ADD KEY `author` (`author`);

--
-- Indexes for table `users`
--
ALTER TABLE `users`
  ADD PRIMARY KEY (`id`);

--
-- Indexes for table `watch_list`
--
ALTER TABLE `watch_list`
  ADD PRIMARY KEY (`id`),
  ADD KEY `user` (`user`),
  ADD KEY `post` (`post`);

--
-- AUTO_INCREMENT for dumped tables
--

--
-- AUTO_INCREMENT for table `categories`
--
ALTER TABLE `categories`
  MODIFY `id` int(11) NOT NULL AUTO_INCREMENT, AUTO_INCREMENT=6;

--
-- AUTO_INCREMENT for table `messages`
--
ALTER TABLE `messages`
  MODIFY `id` int(11) NOT NULL AUTO_INCREMENT;

--
-- AUTO_INCREMENT for table `posts`
--
ALTER TABLE `posts`
  MODIFY `id` int(11) NOT NULL AUTO_INCREMENT, AUTO_INCREMENT=1001;

--
-- AUTO_INCREMENT for table `users`
--
ALTER TABLE `users`
  MODIFY `id` int(11) NOT NULL AUTO_INCREMENT, AUTO_INCREMENT=101;

--
-- AUTO_INCREMENT for table `watch_list`
--
ALTER TABLE `watch_list`
  MODIFY `id` int(11) NOT NULL AUTO_INCREMENT;

--
-- Constraints for dumped tables
--

--
-- Constraints for table `messages`
--
ALTER TABLE `messages`
  ADD CONSTRAINT `messages_ibfk_1` FOREIGN KEY (`author`) REFERENCES `users` (`id`),
  ADD CONSTRAINT `messages_ibfk_2` FOREIGN KEY (`recipient`) REFERENCES `users` (`id`);

--
-- Constraints for table `posts`
--
ALTER TABLE `posts`
  ADD CONSTRAINT `posts_ibfk_1` FOREIGN KEY (`author`) REFERENCES `users` (`id`),
  ADD CONSTRAINT `posts_ibfk_2` FOREIGN KEY (`category`) REFERENCES `categories` (`id`);

--
-- Constraints for table `watch_list`
--
ALTER TABLE `watch_list`
  ADD CONSTRAINT `watch_list_ibfk_1` FOREIGN KEY (`user`) REFERENCES `users` (`id`),
  ADD CONSTRAINT `watch_list_ibfk_2` FOREIGN KEY (`post`) REFERENCES `posts` (`id`);
COMMIT;

/*!40101 SET CHARACTER_SET_CLIENT=@OLD_CHARACTER_SET_CLIENT */;
/*!40101 SET CHARACTER_SET_RESULTS=@OLD_CHARACTER_SET_RESULTS */;
/*!40101 SET COLLATION_CONNECTION=@OLD_COLLATION_CONNECTION */;
